Sample in Buffer,Sample in Window,TRIGGER,top_block_i/SO_receiver/idelay_top_v2_0/inst/gen_SO0[10].special_inst.u_idelay_impl_SO0/max_cnt[4:0],top_block_i/SO_receiver/idelay_top_v2_0/inst/gen_SO0[10].special_inst.u_idelay_impl_SO0/SO0_out[0:0],top_block_i/SO_receiver/idelay_top_v2_0/inst/gen_SO0[10].special_inst.u_idelay_impl_SO0/current_idelay[8:0],u_ila_0_aggregate_state_return[0:0],top_block_i/SO_receiver/idelay_top_v2_0/inst/gen_SO0[10].special_inst.u_idelay_impl_SO0/check_delay[8:0],top_block_i/SO_receiver/idelay_top_v2_0/inst/gen_SO0[10].special_inst.u_idelay_impl_SO0/ch0_special_state[3:0],top_block_i/SO_receiver/idelay_top_v2_0/SO2_out[9:0],u_ila_0_SO2_out[10:10],top_block_i/SO_receiver/idelay_top_v2_0/SO1_out[9:0],u_ila_0_SO1_out[10:10],top_block_i/SO_receiver/idelay_top_v2_0/SO0_out_1[0:0],u_ila_0_SO0_out[1:1],top_block_i/SO_receiver/idelay_top_v2_0/SO0_out[7:2],u_ila_0_SO0_out[10:8],u_ila_0_overall_state[0]_1,top_block_i/SO_receiver/idelay_top_v2_0/inst/overall_state[1:1],u_ila_0_overall_state[0:0],top_block_i/SO_receiver/idelay_top_v2_0/overall_state[1:1],top_block_i/SO_receiver/idelay_top_v2_0/SO3_out[9:0],u_ila_0_SO3_out[10:10],top_block_i/SO_receiver/idelay_top_v2_0/inst/gen_SO0[10].special_inst.u_idelay_impl_SO0/special_state[3:0],top_block_i/SO_receiver/idelay_top_v2_0/inst/gen_SO0[10].special_inst.u_idelay_impl_SO0/cycle_counter[7:0],top_block_i/SO_receiver/idelay_top_v2_0/inst/gen_SO0[10].special_inst.u_idelay_impl_SO0/prev_data,top_block_i/SO_receiver/idelay_top_v2_0/inst/gen_SO0[10].special_inst.u_idelay_impl_SO0/raw_data_out,u_ila_0_reset,top_block_i/SO_receiver/idelay_top_v2_0/trg
Radix - UNSIGNED,UNSIGNED,UNSIGNED,HEX,HEX,UNSIGNED,HEX,UNSIGNED,HEX,HEX,HEX,HEX,HEX,HEX,HEX,HEX,HEX,HEX,HEX,HEX,HEX,HEX,HEX,HEX,UNSIGNED,HEX,HEX,HEX,HEX
0,0,0,00,1,256,1,256,8,000,0,000,1,1,0,12,0,0,0,0,0,050,1,"SPECIAL_DONE",0,1,0,0,1
1,1,0,00,0,256,1,256,8,000,0,000,1,0,1,13,0,0,0,0,0,050,1,"SPECIAL_DONE",0,1,0,0,1
2,2,0,00,0,256,1,256,8,000,0,000,1,0,1,14,4,0,0,0,0,046,1,"SPECIAL_DONE",0,0,0,0,1
3,3,0,00,1,256,1,256,8,000,1,000,1,1,1,11,4,0,0,0,0,044,1,"SPECIAL_DONE",0,0,0,0,1
4,4,0,00,0,256,1,256,8,000,1,000,1,0,1,12,4,0,0,0,0,058,1,"SPECIAL_DONE",0,1,0,0,1
5,5,0,00,1,256,1,256,8,000,1,000,1,1,1,11,4,0,0,0,0,04f,1,"SPECIAL_DONE",0,0,0,0,1
6,6,0,00,0,256,1,256,8,000,1,000,1,0,1,12,4,0,0,0,0,04c,1,"SPECIAL_DONE",0,1,1,0,1
7,7,0,00,0,256,1,256,8,000,1,000,1,0,0,12,4,0,0,0,0,053,1,"SPECIAL_DONE",0,0,1,0,1
8,8,0,00,0,256,1,256,8,000,1,000,1,0,0,11,4,0,0,0,0,048,1,"SPECIAL_DONE",0,0,0,0,1
9,9,0,00,0,256,1,256,8,000,1,000,0,0,1,12,4,0,0,0,0,040,1,"SPECIAL_DONE",0,0,0,0,1
10,10,0,00,1,256,1,256,8,000,1,000,0,1,1,12,4,0,0,0,0,045,1,"SPECIAL_DONE",0,0,1,0,1
11,11,0,00,0,256,1,256,8,000,1,000,0,0,0,13,4,0,0,0,0,05a,1,"SPECIAL_DONE",0,1,1,0,1
12,12,0,00,1,256,1,256,8,000,1,000,0,1,0,12,4,0,0,0,0,04a,1,"SPECIAL_DONE",0,0,1,0,1
13,13,0,00,0,256,1,256,8,000,1,000,0,0,0,11,4,0,0,0,0,044,0,"SPECIAL_DONE",0,1,1,0,1
14,14,0,00,1,256,1,256,8,000,1,000,0,1,0,13,4,0,0,0,0,059,0,"SPECIAL_DONE",0,0,1,0,1
15,15,0,00,0,256,1,256,8,000,1,000,0,0,0,14,4,0,0,0,0,050,0,"SPECIAL_DONE",0,1,0,0,1
16,16,0,00,0,256,1,256,8,000,1,000,0,0,1,12,4,0,0,0,0,056,0,"SPECIAL_DONE",0,0,1,0,1
17,17,0,00,0,256,1,256,8,000,1,000,0,0,0,12,4,0,0,0,0,059,0,"SPECIAL_DONE",0,0,1,0,1
18,18,0,00,1,256,1,256,8,000,1,000,0,1,0,10,0,0,0,0,0,05a,0,"SPECIAL_DONE",0,0,1,0,1
19,19,0,00,1,256,1,256,8,000,0,000,0,1,0,12,0,0,0,0,0,04f,0,"SPECIAL_DONE",0,1,1,0,1
20,20,0,00,1,256,1,256,8,000,0,000,0,1,0,12,0,0,0,0,0,044,0,"SPECIAL_DONE",0,1,0,0,1
21,21,0,00,0,256,1,256,8,000,0,000,0,0,1,11,0,0,0,0,0,05f,0,"SPECIAL_DONE",0,1,1,0,1
22,22,0,00,1,256,1,256,8,000,0,000,0,1,0,12,0,0,0,0,0,044,0,"SPECIAL_DONE",0,0,0,0,1
23,23,0,00,1,256,1,256,8,000,0,000,0,1,1,12,0,0,0,0,0,051,0,"SPECIAL_DONE",0,1,0,0,1
24,24,0,00,0,256,1,256,8,000,0,000,0,0,1,13,0,0,0,0,0,047,0,"SPECIAL_DONE",0,1,0,0,1
25,25,0,00,1,256,1,256,8,000,0,000,1,1,1,12,0,0,0,0,0,058,0,"SPECIAL_DONE",0,0,1,0,1
26,26,0,00,1,256,1,256,8,000,0,000,1,1,0,13,0,0,0,0,0,04a,0,"SPECIAL_DONE",0,1,0,0,1
27,27,0,00,1,256,1,256,8,000,0,000,1,1,1,11,0,0,0,0,0,04e,0,"SPECIAL_DONE",0,1,1,0,1
28,28,0,00,0,256,1,256,8,000,0,000,1,0,0,12,0,0,0,0,0,045,0,"SPECIAL_DONE",0,1,1,0,1
29,29,0,00,0,256,1,256,8,000,0,000,1,0,1,13,0,0,0,0,0,052,1,"SPECIAL_DONE",0,0,0,0,1
30,30,0,00,1,256,1,256,8,000,0,000,1,1,1,10,0,0,0,0,0,050,1,"SPECIAL_DONE",0,0,1,0,1
31,31,0,00,1,256,1,256,8,000,0,000,1,1,0,11,0,0,0,0,0,051,1,"SPECIAL_DONE",0,1,1,0,1
32,32,0,00,0,256,1,256,8,000,0,000,1,0,0,12,0,0,0,0,0,050,1,"SPECIAL_DONE",0,1,1,0,1
33,33,0,00,1,256,1,256,8,000,0,000,1,1,1,13,0,0,0,0,0,050,1,"SPECIAL_DONE",0,0,0,0,1
34,34,0,00,0,256,1,256,8,000,0,000,1,0,1,14,4,0,0,0,0,046,1,"SPECIAL_DONE",0,1,0,0,1
35,35,0,00,1,256,1,256,8,000,1,000,1,1,1,11,4,0,0,0,0,044,1,"SPECIAL_DONE",0,0,0,0,1
36,36,0,00,0,256,1,256,8,000,1,000,1,0,1,12,4,0,0,0,0,058,1,"SPECIAL_DONE",0,1,0,0,1
37,37,0,00,1,256,1,256,8,000,1,000,1,1,1,11,4,0,0,0,0,04f,1,"SPECIAL_DONE",0,0,1,0,1
38,38,0,00,1,256,1,256,8,000,1,000,1,1,0,12,4,0,0,0,0,04c,1,"SPECIAL_DONE",0,1,1,0,0
39,39,0,00,0,256,1,256,8,000,1,000,1,0,0,12,4,0,0,0,0,053,1,"SPECIAL_DONE",0,1,1,0,0
40,40,0,00,0,256,1,256,8,000,1,000,1,0,0,11,4,0,0,0,0,048,1,"SPECIAL_DONE",0,0,0,0,0
41,41,0,00,0,256,1,256,8,000,1,000,0,0,1,12,4,0,0,0,0,040,1,"SPECIAL_DONE",0,0,0,0,0
42,42,0,00,1,256,1,256,8,000,1,000,0,1,1,12,4,0,0,0,0,045,1,"SPECIAL_DONE",0,0,1,0,0
43,43,0,00,0,256,1,256,8,000,1,000,0,0,1,13,4,0,0,0,0,05a,1,"SPECIAL_DONE",0,1,0,0,0
44,44,0,00,0,256,1,256,8,000,1,000,0,0,1,12,4,0,0,0,0,04a,1,"SPECIAL_DONE",0,0,1,0,0
45,45,0,00,0,256,1,256,8,000,1,000,0,0,1,11,4,0,0,0,0,044,0,"SPECIAL_DONE",0,0,0,0,0
46,46,0,00,0,256,1,256,8,000,1,000,0,0,1,13,4,0,0,0,0,059,0,"SPECIAL_DONE",0,0,1,0,0
47,47,0,00,0,256,1,256,8,000,1,000,0,0,0,14,4,0,0,0,0,051,0,"SPECIAL_DONE",0,0,1,0,0
48,48,0,00,1,256,1,256,8,000,1,000,0,1,0,12,4,0,0,0,0,056,0,"SPECIAL_DONE",0,0,1,0,0
49,49,0,00,0,256,1,256,8,000,1,000,0,0,0,12,4,0,0,0,0,059,0,"SPECIAL_DONE",0,1,1,0,0
50,50,0,00,1,256,1,256,8,000,1,000,0,1,0,10,0,0,0,0,0,05a,0,"SPECIAL_DONE",0,0,1,0,0
51,51,0,00,1,256,1,256,8,000,0,000,0,1,0,12,0,0,0,0,0,04f,0,"SPECIAL_DONE",0,1,0,0,0
52,52,0,00,0,256,1,256,8,000,0,000,0,0,1,12,0,0,0,0,0,045,0,"SPECIAL_DONE",0,1,0,0,0
53,53,0,00,0,256,1,256,8,000,0,000,0,0,1,11,0,0,0,0,0,05f,0,"SPECIAL_DONE",0,0,0,0,0
54,54,0,00,0,256,1,256,8,000,0,000,0,0,1,12,0,0,0,0,0,044,0,"SPECIAL_DONE",0,0,0,0,0
55,55,0,00,1,256,1,256,8,000,0,000,0,1,1,12,0,0,0,0,0,051,0,"SPECIAL_DONE",0,0,0,0,0
56,56,0,00,0,256,1,256,8,000,0,000,0,0,1,13,0,0,0,0,0,047,0,"SPECIAL_DONE",0,1,1,0,0
57,57,0,00,0,256,1,256,8,000,0,000,1,0,0,13,0,0,0,0,0,059,0,"SPECIAL_DONE",0,0,1,0,0
58,58,0,00,1,256,1,256,8,000,0,000,1,1,0,13,0,0,0,0,0,04a,0,"SPECIAL_DONE",0,0,0,0,0
59,59,0,00,1,256,1,256,8,000,0,000,1,1,1,11,0,0,0,0,0,04f,0,"SPECIAL_DONE",0,1,1,0,0
60,60,0,00,0,256,1,256,8,000,0,000,1,0,0,12,0,0,0,0,0,045,0,"SPECIAL_DONE",0,1,1,0,0
61,61,0,00,0,256,1,256,8,000,0,000,1,0,1,13,0,0,0,0,0,052,1,"SPECIAL_DONE",0,0,0,0,0
62,62,0,00,1,256,1,256,8,000,0,000,1,1,1,10,0,0,0,0,0,050,1,"SPECIAL_DONE",0,0,0,0,0
63,63,0,00,0,256,1,256,8,000,0,000,1,0,1,11,0,0,0,0,0,051,1,"SPECIAL_DONE",0,1,1,0,0
64,64,0,00,0,256,1,256,8,000,0,000,1,0,0,12,0,0,0,0,0,050,1,"SPECIAL_DONE",0,0,1,0,0
65,65,0,00,1,256,1,256,8,000,0,000,1,1,0,13,0,0,0,0,0,050,1,"SPECIAL_DONE",0,0,1,0,0
66,66,0,00,1,256,1,256,8,000,0,000,1,1,0,14,4,0,0,0,0,046,1,"SPECIAL_DONE",0,1,0,0,0
67,67,0,00,1,256,1,256,8,000,1,000,1,1,1,11,4,0,0,0,0,045,1,"SPECIAL_DONE",0,1,0,0,0
68,68,0,00,0,256,1,256,8,000,1,000,1,0,1,12,4,0,0,0,0,05a,1,"SPECIAL_DONE",0,1,0,0,0
69,69,0,00,1,256,1,256,8,000,1,000,1,1,1,11,4,0,0,0,0,04e,1,"SPECIAL_DONE",0,0,0,0,0
70,70,0,00,0,256,1,256,8,000,1,000,1,0,1,12,4,0,0,0,0,044,1,"SPECIAL_DONE",0,1,1,0,0
71,71,0,00,0,256,1,256,8,000,1,000,1,0,0,12,4,0,0,0,0,053,1,"SPECIAL_DONE",0,0,1,0,0
72,72,0,00,0,256,1,256,8,000,1,000,1,0,0,11,4,0,0,0,0,048,1,"SPECIAL_DONE",0,0,0,0,0
73,73,0,00,0,256,1,256,8,000,1,000,0,0,1,12,4,0,0,0,0,040,1,"SPECIAL_DONE",0,0,0,0,0
74,74,0,00,1,256,1,256,8,000,1,000,0,1,1,12,4,0,0,0,0,044,1,"SPECIAL_DONE",0,0,0,0,0
75,75,0,00,1,256,1,256,8,000,1,000,0,1,1,12,4,0,0,0,0,05a,1,"SPECIAL_DONE",0,1,1,0,0
76,76,0,00,1,256,1,256,8,000,1,000,0,1,0,12,4,0,0,0,0,04a,1,"SPECIAL_DONE",0,1,1,0,0
77,77,0,00,0,256,1,256,8,000,1,000,0,0,1,11,4,0,0,0,0,044,0,"SPECIAL_DONE",0,1,0,0,0
78,78,0,00,0,256,1,256,8,000,1,000,0,0,1,13,4,0,0,0,0,059,0,"SPECIAL_DONE",0,0,1,0,0
79,79,0,00,1,256,1,256,8,000,1,000,0,1,0,14,4,0,0,0,0,051,0,"SPECIAL_DONE",0,0,1,0,0
80,80,0,00,1,256,1,256,8,000,1,000,0,1,0,12,4,0,0,0,0,056,0,"SPECIAL_DONE",0,1,1,0,0
81,81,0,00,0,256,1,256,8,000,1,000,0,0,0,12,4,0,0,0,0,059,0,"SPECIAL_DONE",0,1,1,0,0
82,82,0,00,1,256,1,256,8,000,1,000,0,1,0,10,0,0,0,0,0,05a,0,"SPECIAL_DONE",0,0,1,0,0
83,83,0,00,1,256,1,256,8,000,0,000,0,1,0,12,0,0,0,0,0,04f,0,"SPECIAL_DONE",0,1,1,0,0
84,84,0,00,1,256,1,256,8,000,0,000,0,1,0,12,0,0,0,0,0,045,0,"SPECIAL_DONE",0,1,0,0,0
85,85,0,00,0,256,1,256,8,000,0,000,0,0,1,11,0,0,0,0,0,05f,0,"SPECIAL_DONE",0,1,1,0,0
86,86,0,00,1,256,1,256,8,000,0,000,0,1,0,12,0,0,0,0,0,044,0,"SPECIAL_DONE",0,0,0,0,0
87,87,0,00,1,256,1,256,8,000,0,000,0,1,1,12,0,0,0,0,0,051,0,"SPECIAL_DONE",0,1,0,0,0
88,88,0,00,0,256,1,256,8,000,0,000,0,0,1,13,0,0,0,0,0,047,0,"SPECIAL_DONE",0,1,1,0,0
89,89,0,00,0,256,1,256,8,000,0,000,1,0,1,13,0,0,0,0,0,058,0,"SPECIAL_DONE",0,0,0,0,0
90,90,0,00,0,256,1,256,8,000,0,000,1,0,1,13,0,0,0,0,0,04a,0,"SPECIAL_DONE",0,0,0,0,0
91,91,0,00,1,256,1,256,8,000,0,000,1,1,1,11,0,0,0,0,0,04f,0,"SPECIAL_DONE",0,0,1,0,0
92,92,0,00,0,256,1,256,8,000,0,000,1,0,0,12,0,0,0,0,0,045,0,"SPECIAL_DONE",0,1,1,0,0
93,93,0,00,0,256,1,256,8,000,0,2b5,1,0,0,13,0,0,0,0,0,052,1,"SPECIAL_DONE",0,0,1,0,0
94,94,0,00,0,256,1,256,8,000,0,14a,1,0,0,11,0,0,0,0,0,050,1,"SPECIAL_DONE",0,0,0,0,0
95,95,0,00,0,256,1,256,8,000,0,2b5,1,0,1,11,0,0,0,0,0,051,1,"SPECIAL_DONE",0,0,1,0,0
96,96,0,00,0,256,1,256,8,000,0,14a,1,0,0,12,0,0,0,0,0,050,1,"SPECIAL_DONE",0,0,0,0,0
97,97,0,00,0,256,1,256,8,000,0,2b5,1,0,1,13,0,0,0,0,0,050,1,"SPECIAL_DONE",0,0,1,0,0
98,98,0,00,1,256,1,256,8,000,0,14a,1,1,0,14,4,0,0,0,0,046,1,"SPECIAL_DONE",0,0,0,0,0
99,99,0,00,1,256,1,256,8,000,1,2b5,1,1,1,11,4,0,0,0,0,045,1,"SPECIAL_DONE",0,1,0,0,0
100,100,0,00,0,256,1,256,8,000,1,14a,1,0,1,12,4,0,0,0,0,05b,1,"SPECIAL_DONE",0,1,1,0,0
101,101,0,00,0,256,1,256,8,000,1,2b5,1,0,1,12,4,0,0,0,0,04c,1,"SPECIAL_DONE",0,0,0,0,0
102,102,0,00,0,256,1,256,8,000,1,2b5,1,0,1,12,4,0,0,0,0,045,1,"SPECIAL_DONE",0,0,1,0,0
103,103,0,00,0,256,1,256,8,2b5,1,14a,1,0,0,12,4,0,0,0,0,053,1,"SPECIAL_DONE",0,0,1,0,0
104,104,0,00,0,256,1,256,8,14a,1,14a,1,0,0,11,4,0,0,0,0,048,1,"SPECIAL_DONE",0,0,0,0,0
105,105,0,00,1,256,1,256,8,2b5,1,2b5,0,1,1,12,4,0,0,0,0,040,1,"SPECIAL_DONE",0,0,1,0,0
106,106,0,00,0,256,1,256,8,14a,1,2b5,0,0,0,13,4,0,0,0,0,045,1,"SPECIAL_DONE",0,1,1,0,0
107,107,0,00,0,256,1,256,8,2b5,1,14a,0,0,1,13,4,0,0,0,0,05a,1,"SPECIAL_DONE",0,0,0,0,0
108,108,0,00,0,256,1,256,8,14a,1,14a,0,0,1,12,4,0,0,0,0,04a,1,"SPECIAL_DONE",0,0,1,0,0
109,109,0,00,0,256,1,256,8,2b5,1,2b5,0,0,0,11,4,0,0,0,0,045,0,"SPECIAL_DONE",0,0,0,0,0
110,110,0,00,0,256,1,256,8,14a,1,14a,0,0,1,13,4,0,0,0,0,059,0,"SPECIAL_DONE",0,0,1,0,0
111,111,0,00,0,256,1,256,8,2b5,1,2b5,0,0,0,14,4,0,0,0,0,051,0,"SPECIAL_DONE",0,0,0,0,0
112,112,0,00,0,256,1,256,8,2b5,1,14a,0,0,1,12,4,0,0,0,0,054,0,"SPECIAL_DONE",0,0,1,0,0
113,113,0,00,0,256,1,256,8,14a,1,2b5,0,0,0,12,4,0,0,0,0,05c,0,"SPECIAL_DONE",0,0,1,0,0
114,114,0,00,1,256,1,256,8,14a,1,14a,0,1,0,10,0,0,0,0,0,050,0,"SPECIAL_DONE",0,0,1,0,0
115,115,0,00,1,256,1,256,8,2b5,0,2b5,0,1,0,12,0,0,0,0,0,05a,0,"SPECIAL_DONE",0,1,0,0,0
116,116,0,00,0,256,1,256,8,2b5,0,14a,0,0,1,12,0,0,0,0,0,045,0,"SPECIAL_DONE",0,1,0,0,0
117,117,0,00,0,256,1,256,8,14a,0,2b5,0,0,1,11,0,0,0,0,0,05e,0,"SPECIAL_DONE",0,0,0,0,0
118,118,0,00,0,256,1,256,8,14a,0,2b5,0,0,1,12,0,0,0,0,0,044,0,"SPECIAL_DONE",0,0,0,0,0
119,119,0,00,1,256,1,256,8,2b5,0,14a,0,1,1,12,0,0,0,0,0,053,0,"SPECIAL_DONE",0,0,0,0,0
120,120,0,00,0,256,1,256,8,14a,0,14a,0,0,1,13,0,0,0,0,0,046,0,"SPECIAL_DONE",0,1,1,0,0
121,121,0,00,0,256,1,256,8,2b5,0,2b5,1,0,0,13,0,0,0,0,0,058,0,"SPECIAL_DONE",0,0,0,0,0
122,122,0,00,0,256,1,256,8,14a,0,2b5,1,0,1,13,0,0,0,0,0,04b,0,"SPECIAL_DONE",0,0,1,0,0
123,123,0,00,0,256,1,256,8,2b5,0,14a,1,0,0,12,0,0,0,0,0,04f,0,"SPECIAL_DONE",0,0,1,0,0
124,124,0,00,0,256,1,256,8,14a,0,14a,1,0,0,12,0,0,0,0,0,045,0,"SPECIAL_DONE",0,0,1,0,0
125,125,0,00,0,256,1,256,8,2b5,0,049,1,0,0,13,0,0,0,0,0,052,1,"SPECIAL_DONE",0,0,1,0,0
126,126,0,00,0,256,1,256,8,14a,0,04d,1,0,0,11,0,0,0,0,0,051,1,"SPECIAL_DONE",0,0,0,0,0
127,127,0,00,0,256,1,256,8,2b5,0,04c,1,0,1,11,0,0,0,0,0,051,1,"SPECIAL_DONE",0,0,1,0,0
128,128,0,00,0,256,1,256,8,2b5,0,042,1,0,0,12,0,0,0,0,0,050,1,"SPECIAL_DONE",0,0,1,0,0
129,129,0,00,1,256,1,256,8,14a,0,046,1,1,0,13,0,0,0,0,0,050,1,"SPECIAL_DONE",0,0,1,0,0
130,130,0,00,1,256,1,256,8,14a,0,054,1,1,0,14,4,0,0,0,0,046,1,"SPECIAL_DONE",0,1,1,0,0
131,131,0,00,0,256,1,256,8,2b5,1,049,1,0,0,12,4,0,0,0,0,044,1,"SPECIAL_DONE",0,1,0,0,0
132,132,0,00,0,256,1,256,8,2b5,1,04f,1,0,1,12,4,0,0,0,0,05b,1,"SPECIAL_DONE",0,0,1,0,0
133,133,0,00,0,256,1,256,8,14a,1,048,1,0,0,12,4,0,0,0,0,04c,1,"SPECIAL_DONE",0,0,0,0,0
134,134,0,00,0,256,1,256,8,14a,1,04c,1,0,1,12,4,0,0,0,0,045,1,"SPECIAL_DONE",0,0,1,0,0
135,135,0,00,1,256,1,256,8,04b,1,050,1,1,0,12,4,0,0,0,0,053,1,"SPECIAL_DONE",0,0,1,0,0
136,136,0,00,0,256,1,256,8,04d,1,04c,1,0,0,11,4,0,0,0,0,048,1,"SPECIAL_DONE",0,1,0,0,0
137,137,0,00,0,256,1,256,8,053,1,04a,0,0,1,12,4,0,0,0,0,041,1,"SPECIAL_DONE",0,0,0,0,0
138,138,0,00,1,256,1,256,8,047,1,049,0,1,1,12,4,0,0,0,0,045,1,"SPECIAL_DONE",0,0,1,0,0
139,139,0,00,0,256,1,256,8,04c,1,047,0,0,1,13,4,0,0,0,0,05a,1,"SPECIAL_DONE",0,1,0,0,0
140,140,0,00,0,256,1,256,8,054,1,04a,0,0,1,12,4,0,0,0,0,04a,1,"SPECIAL_DONE",0,0,1,0,0
141,141,0,00,0,256,1,256,8,04e,1,049,0,0,0,11,4,0,0,0,0,044,0,"SPECIAL_DONE",0,0,0,0,0
142,142,0,00,0,256,1,256,8,04f,1,04a,0,0,1,13,4,0,0,0,0,059,0,"SPECIAL_DONE",0,0,1,0,0
143,143,0,00,1,256,1,256,8,04c,1,04c,0,1,0,14,4,0,0,0,0,051,0,"SPECIAL_DONE",0,0,0,0,0
144,144,0,00,0,256,1,256,8,050,1,055,0,0,1,12,4,0,0,0,0,054,0,"SPECIAL_DONE",0,1,1,0,0
145,145,0,00,0,256,1,256,8,04a,1,048,0,0,1,12,4,0,0,0,0,05c,0,"SPECIAL_DONE",0,0,0,0,0
146,146,0,00,0,256,1,256,8,049,1,055,0,0,1,10,0,0,0,0,0,050,0,"SPECIAL_DONE",0,0,1,0,0
147,147,0,00,1,256,1,256,8,050,0,053,0,1,0,12,0,0,0,0,0,05a,0,"SPECIAL_DONE",0,0,0,0,0
148,148,0,00,0,256,1,256,8,04c,0,07f,0,0,1,12,0,0,0,0,0,045,0,"SPECIAL_DONE",0,1,0,0,0
149,149,0,00,0,256,1,256,8,048,0,059,0,0,1,11,0,0,0,0,0,05f,0,"SPECIAL_DONE",0,0,0,0,0
150,150,0,00,0,256,1,256,8,04d,0,04a,0,0,1,12,0,0,0,0,0,044,0,"SPECIAL_DONE",0,0,0,0,0
151,151,0,00,1,256,1,256,8,04c,0,044,0,1,1,12,0,0,0,0,0,053,0,"SPECIAL_DONE",0,0,0,0,0
152,152,0,00,0,256,1,256,8,050,0,04c,0,0,1,13,0,0,0,0,0,046,0,"SPECIAL_DONE",0,1,1,0,0
153,153,0,00,0,256,1,256,8,047,0,04f,1,0,0,13,0,0,0,0,0,059,0,"SPECIAL_DONE",0,0,0,0,0
154,154,0,00,0,256,1,256,8,048,0,054,1,0,1,13,0,0,0,0,0,04b,0,"SPECIAL_DONE",0,0,1,0,0
155,155,0,00,0,256,1,256,8,04c,0,04f,1,0,0,12,0,0,0,0,0,04f,0,"SPECIAL_DONE",0,0,0,0,0
156,156,0,00,1,256,1,256,8,04b,0,04d,1,1,1,11,0,0,0,0,0,045,0,"SPECIAL_DONE",0,0,1,0,0
157,157,0,00,0,256,1,256,8,048,0,049,1,0,0,13,0,0,0,0,0,052,1,"SPECIAL_DONE",0,1,1,0,0
158,158,0,00,0,256,1,256,8,055,0,04d,1,0,0,11,0,0,0,0,0,051,1,"SPECIAL_DONE",0,0,0,0,0
159,159,0,00,0,256,1,256,8,04c,0,04b,1,0,1,11,0,0,0,0,0,051,1,"SPECIAL_DONE",0,0,1,0,0
160,160,0,00,0,256,1,256,8,044,0,042,1,0,0,12,0,0,0,0,0,050,1,"SPECIAL_DONE",0,0,1,0,0
161,161,0,00,1,256,1,256,8,04d,0,046,1,1,0,13,0,0,0,0,0,050,1,"SPECIAL_DONE",0,0,0,0,0
162,162,0,00,0,256,1,256,8,044,0,054,1,0,1,14,4,0,0,0,0,046,1,"SPECIAL_DONE",0,1,1,0,0
163,163,0,00,0,256,1,256,8,049,1,049,1,0,1,12,4,0,0,0,0,045,1,"SPECIAL_DONE",0,0,0,0,0
164,164,0,00,0,256,1,256,8,04c,1,04f,1,0,1,12,4,0,0,0,0,05b,1,"SPECIAL_DONE",0,0,1,0,0
165,165,0,00,0,256,1,256,8,04c,1,048,1,0,0,12,4,0,0,0,0,04c,1,"SPECIAL_DONE",0,0,0,0,0
166,166,0,00,0,256,1,256,8,04c,1,04c,1,0,1,12,4,0,0,0,0,045,1,"SPECIAL_DONE",0,0,1,0,1
167,167,0,00,0,256,1,256,8,04a,1,050,1,0,0,12,4,0,0,0,0,053,1,"SPECIAL_DONE",0,0,1,0,1
168,168,0,00,0,256,1,256,8,04d,1,04c,1,0,0,11,4,0,0,0,0,048,1,"SPECIAL_DONE",0,0,0,0,1
169,169,0,00,1,256,1,256,8,054,1,04a,0,1,1,12,4,0,0,0,0,041,1,"SPECIAL_DONE",0,0,0,0,1
170,170,0,00,1,256,1,256,8,047,1,048,0,1,1,12,4,0,0,0,0,045,1,"SPECIAL_DONE",0,1,1,0,1
171,171,0,00,0,256,1,256,8,04c,1,047,0,0,1,13,4,0,0,0,0,05b,1,"SPECIAL_DONE",0,1,0,0,1
172,172,0,00,0,256,1,256,8,054,1,04a,0,0,1,12,4,0,0,0,0,04a,1,"SPECIAL_DONE",0,0,1,0,1
173,173,0,00,0,256,1,256,8,04e,1,049,0,0,0,11,4,0,0,0,0,044,0,"SPECIAL_DONE",0,0,0,0,1
174,174,0,00,0,256,1,256,8,04f,1,04a,0,0,1,13,4,0,0,0,0,059,0,"SPECIAL_DONE",0,0,1,0,1
175,175,0,00,1,256,1,256,8,04c,1,04d,0,1,0,14,4,0,0,0,0,051,0,"SPECIAL_DONE",0,0,0,0,1
176,176,0,00,0,256,1,256,8,050,1,055,0,0,1,12,4,0,0,0,0,056,0,"SPECIAL_DONE",0,1,1,0,1
177,177,0,00,0,256,1,256,8,04b,1,048,0,0,0,12,4,0,0,0,0,059,0,"SPECIAL_DONE",0,0,1,0,1
178,178,0,00,1,256,1,256,8,049,1,055,0,1,0,10,0,0,0,0,0,050,0,"SPECIAL_DONE",0,0,0,0,1
179,179,0,00,0,256,1,256,8,050,0,053,0,0,1,12,0,0,0,0,0,05a,0,"SPECIAL_DONE",0,1,0,0,1
180,180,0,00,0,256,1,256,8,04c,0,03e,0,0,1,12,0,0,0,0,0,045,0,"SPECIAL_DONE",0,0,0,0,1
181,181,0,00,0,256,1,256,8,048,0,059,0,0,1,11,0,0,0,0,0,05f,0,"SPECIAL_DONE",0,0,0,0,1
182,182,0,00,0,256,1,256,8,04d,0,04a,0,0,1,12,0,0,0,0,0,044,0,"SPECIAL_DONE",0,0,0,0,1
183,183,0,00,1,256,1,256,8,04c,0,044,0,1,1,12,0,0,0,0,0,053,0,"SPECIAL_DONE",0,0,0,0,1
184,184,0,00,0,256,1,256,8,050,0,04b,0,0,1,13,0,0,0,0,0,046,0,"SPECIAL_DONE",0,1,1,0,1
185,185,0,00,0,256,1,256,8,047,0,04f,1,0,0,13,0,0,0,0,0,058,0,"SPECIAL_DONE",0,0,0,0,1
186,186,0,00,0,256,1,256,8,048,0,054,1,0,1,13,0,0,0,0,0,04b,0,"SPECIAL_DONE",0,0,1,0,1
187,187,0,00,0,256,1,256,8,04c,0,04f,1,0,1,12,0,0,0,0,0,04e,0,"SPECIAL_DONE",0,0,0,0,1
188,188,0,00,1,256,1,256,8,04a,0,04c,1,1,1,11,0,0,0,0,0,045,0,"SPECIAL_DONE",0,0,1,0,1
189,189,0,00,0,256,1,256,8,048,0,049,1,0,1,13,0,0,0,0,0,052,1,"SPECIAL_DONE",0,1,0,0,1
190,190,0,00,1,256,1,256,8,054,0,04e,1,1,1,10,0,0,0,0,0,051,1,"SPECIAL_DONE",0,0,0,0,1
191,191,0,00,0,256,1,256,8,04d,0,04c,1,0,1,11,0,0,0,0,0,051,1,"SPECIAL_DONE",0,1,1,0,1
192,192,0,00,1,256,1,256,8,044,0,042,1,1,0,12,0,0,0,0,0,050,1,"SPECIAL_DONE",0,0,1,0,1
193,193,0,00,1,256,1,256,8,04d,0,046,1,1,1,13,0,0,0,0,0,050,1,"SPECIAL_DONE",0,1,0,0,1
194,194,0,00,0,256,1,256,8,044,0,054,1,0,1,14,4,0,0,0,0,046,1,"SPECIAL_DONE",0,1,1,0,1
195,195,0,00,0,256,1,256,8,048,1,049,1,0,1,12,4,0,0,0,0,045,1,"SPECIAL_DONE",0,0,0,0,1
196,196,0,00,0,256,1,256,8,04c,1,04f,1,0,1,12,4,0,0,0,0,058,1,"SPECIAL_DONE",0,0,1,0,1
197,197,0,00,0,256,1,256,8,04c,1,048,1,0,0,12,4,0,0,0,0,04f,1,"SPECIAL_DONE",0,0,0,0,1
198,198,0,00,0,256,1,256,8,04c,1,04c,1,0,1,12,4,0,0,0,0,04c,1,"SPECIAL_DONE",0,0,1,0,1
199,199,0,00,0,256,1,256,8,04a,1,050,1,0,0,12,4,0,0,0,0,053,1,"SPECIAL_DONE",0,0,1,0,1
200,200,0,00,0,256,1,256,8,04d,1,04c,1,0,0,11,4,0,0,0,0,048,1,"SPECIAL_DONE",0,0,0,0,1
201,201,0,00,1,256,1,256,8,054,1,04a,0,1,1,12,4,0,0,0,0,041,1,"SPECIAL_DONE",0,0,0,0,1
202,202,0,00,1,256,1,256,8,047,1,048,0,1,1,12,4,0,0,0,0,045,1,"SPECIAL_DONE",0,1,1,0,1
203,203,0,00,0,256,1,256,8,04c,1,048,0,0,0,13,4,0,0,0,0,05a,1,"SPECIAL_DONE",0,1,1,0,1
204,204,0,00,1,256,1,256,8,054,1,04a,0,1,0,12,4,0,0,0,0,04a,1,"SPECIAL_DONE",0,0,1,0,1
205,205,0,00,0,256,1,256,8,04e,1,049,0,0,0,11,4,0,0,0,0,045,0,"SPECIAL_DONE",0,1,0,0,1
206,206,0,00,0,256,1,256,8,04f,1,04a,0,0,1,13,4,0,0,0,0,059,0,"SPECIAL_DONE",0,0,1,0,1
207,207,0,00,1,256,1,256,8,04c,1,04d,0,1,1,14,4,0,0,0,0,052,0,"SPECIAL_DONE",0,0,0,0,1
208,208,0,00,0,256,1,256,8,050,1,055,0,0,1,12,4,0,0,0,0,053,0,"SPECIAL_DONE",0,1,1,0,1
209,209,0,00,0,256,1,256,8,04a,1,048,0,0,0,12,4,0,0,0,0,059,0,"SPECIAL_DONE",0,0,1,0,1
210,210,0,00,1,256,1,256,8,048,1,055,0,1,0,10,0,0,0,0,0,050,0,"SPECIAL_DONE",0,0,1,0,1
211,211,0,00,1,256,1,256,8,051,0,053,0,1,0,12,0,0,0,0,0,05a,0,"SPECIAL_DONE",0,1,1,0,1
212,212,0,00,1,256,1,256,8,04c,0,03e,0,1,0,12,0,0,0,0,0,045,0,"SPECIAL_DONE",0,1,0,0,1
213,213,0,00,0,256,1,256,8,048,0,058,0,0,1,11,0,0,0,0,0,05f,0,"SPECIAL_DONE",0,1,0,0,1
214,214,0,00,0,256,1,256,8,04d,0,04a,0,0,1,12,0,0,0,0,0,044,0,"SPECIAL_DONE",0,0,0,0,1
215,215,0,00,1,256,1,256,8,04c,0,044,0,1,1,12,0,0,0,0,0,053,0,"SPECIAL_DONE",0,0,0,0,1
216,216,0,00,0,256,1,256,8,04f,0,04b,0,0,1,13,0,0,0,0,0,046,0,"SPECIAL_DONE",0,1,1,0,1
217,217,0,00,0,256,1,256,8,047,0,04e,1,0,1,13,0,0,0,0,0,058,0,"SPECIAL_DONE",0,0,0,0,1
218,218,0,00,0,256,1,256,8,048,0,054,1,0,1,13,0,0,0,0,0,04a,0,"SPECIAL_DONE",0,0,0,0,1
219,219,0,00,1,256,1,256,8,04c,0,050,1,1,1,11,0,0,0,0,0,04e,0,"SPECIAL_DONE",0,0,1,0,1
220,220,0,00,0,256,1,256,8,04b,0,04c,1,0,0,12,0,0,0,0,0,045,0,"SPECIAL_DONE",0,1,1,0,1
221,221,0,00,0,256,1,256,8,048,0,000,1,0,0,13,0,0,0,0,0,052,1,"SPECIAL_DONE",0,0,1,0,1
222,222,0,00,0,256,1,256,8,054,0,000,1,0,0,11,0,0,0,0,0,051,1,"SPECIAL_DONE",0,0,0,0,1
223,223,0,00,0,256,1,256,8,04d,0,000,1,0,1,11,0,0,0,0,0,051,1,"SPECIAL_DONE",0,0,1,0,1
224,224,0,00,0,256,1,256,8,044,0,000,1,0,0,12,0,0,0,0,0,050,1,"SPECIAL_DONE",0,0,0,0,1
225,225,0,00,0,256,1,256,8,04d,0,000,1,0,1,13,0,0,0,0,0,050,1,"SPECIAL_DONE",0,0,0,0,1
226,226,0,00,0,256,1,256,8,044,0,000,1,0,1,14,4,0,0,0,0,046,1,"SPECIAL_DONE",0,0,0,0,1
227,227,0,00,1,256,1,256,8,049,1,000,1,1,1,11,4,0,0,0,0,044,1,"SPECIAL_DONE",0,0,0,0,1
228,228,0,00,0,256,1,256,8,04c,1,000,1,0,1,12,4,0,0,0,0,058,1,"SPECIAL_DONE",0,1,0,0,1
229,229,0,00,1,256,1,256,8,04c,1,000,1,1,1,11,4,0,0,0,0,04d,1,"SPECIAL_DONE",0,0,1,0,1
230,230,0,00,1,256,1,256,8,04c,1,000,1,1,0,12,4,0,0,0,0,04d,1,"SPECIAL_DONE",0,1,1,0,1
231,231,0,00,0,256,1,256,8,000,1,000,1,0,0,12,4,0,0,0,0,053,1,"SPECIAL_DONE",0,1,1,0,1
232,232,0,00,0,256,1,256,8,000,1,000,1,0,0,11,4,0,0,0,0,048,1,"SPECIAL_DONE",0,0,0,0,1
233,233,0,00,1,256,1,256,8,000,1,000,0,1,1,12,4,0,0,0,0,040,1,"SPECIAL_DONE",0,0,0,0,1
234,234,0,00,1,256,1,256,8,000,1,000,0,1,1,12,4,0,0,0,0,045,1,"SPECIAL_DONE",0,1,1,0,1
235,235,0,00,0,256,1,256,8,000,1,000,0,0,1,13,4,0,0,0,0,05b,1,"SPECIAL_DONE",0,1,0,0,1
236,236,0,00,0,256,1,256,8,000,1,000,0,0,1,12,4,0,0,0,0,04a,1,"SPECIAL_DONE",0,0,1,0,1
237,237,0,00,1,256,1,256,8,000,1,000,0,1,0,11,4,0,0,0,0,044,0,"SPECIAL_DONE",0,0,0,0,1
238,238,0,00,0,256,1,256,8,000,1,000,0,0,1,13,4,0,0,0,0,059,0,"SPECIAL_DONE",0,1,1,0,1
239,239,0,00,0,256,1,256,8,000,1,000,0,0,1,14,4,0,0,0,0,052,0,"SPECIAL_DONE",0,0,0,0,1
240,240,0,00,0,256,1,256,8,000,1,000,0,0,1,12,4,0,0,0,0,053,0,"SPECIAL_DONE",0,0,1,0,1
241,241,0,00,0,256,1,256,8,000,1,000,0,0,0,12,4,0,0,0,0,059,0,"SPECIAL_DONE",0,0,1,0,1
242,242,0,00,1,256,1,256,8,000,1,000,0,1,0,10,0,0,0,0,0,05a,0,"SPECIAL_DONE",0,0,0,0,1
243,243,0,00,0,256,1,256,8,000,0,000,0,0,1,12,0,0,0,0,0,04f,0,"SPECIAL_DONE",0,1,1,0,1
244,244,0,00,1,256,1,256,8,000,0,000,0,1,0,12,0,0,0,0,0,045,0,"SPECIAL_DONE",0,0,0,0,1
245,245,0,00,0,256,1,256,8,000,0,000,0,0,1,11,0,0,0,0,0,05f,0,"SPECIAL_DONE",0,1,0,0,1
246,246,0,00,0,256,1,256,8,000,0,000,0,0,1,12,0,0,0,0,0,044,0,"SPECIAL_DONE",0,0,0,0,1
247,247,0,00,1,256,1,256,8,000,0,000,0,1,1,12,0,0,0,0,0,052,0,"SPECIAL_DONE",0,0,0,0,1
248,248,0,00,0,256,1,256,8,000,0,000,0,0,1,13,0,0,0,0,0,046,0,"SPECIAL_DONE",0,1,0,0,1
249,249,0,00,1,256,1,256,8,000,0,000,1,1,1,12,0,0,0,0,0,058,0,"SPECIAL_DONE",0,0,0,0,1
250,250,0,00,0,256,1,256,8,000,0,000,1,0,1,13,0,0,0,0,0,04a,0,"SPECIAL_DONE",0,1,1,0,1
251,251,0,00,0,256,1,256,8,000,0,000,1,0,0,12,0,0,0,0,0,04f,0,"SPECIAL_DONE",0,0,1,0,1
252,252,0,00,0,256,1,256,8,000,0,000,1,0,0,12,0,0,0,0,0,045,0,"SPECIAL_DONE",0,0,1,0,1
253,253,0,00,0,256,1,256,8,000,0,000,1,0,0,13,0,0,0,0,0,052,1,"SPECIAL_DONE",0,0,0,0,1
254,254,0,00,1,256,1,256,8,000,0,000,1,1,1,10,0,0,0,0,0,051,1,"SPECIAL_DONE",0,0,0,0,1
255,255,0,00,0,256,1,256,8,000,0,000,1,0,1,11,0,0,0,0,0,051,1,"SPECIAL_DONE",0,1,1,0,1
256,256,0,00,0,256,1,256,8,000,0,000,1,0,0,12,0,0,0,0,0,050,1,"SPECIAL_DONE",0,0,0,0,1
257,257,0,00,0,256,1,256,8,000,0,000,1,0,1,13,0,0,0,0,0,050,1,"SPECIAL_DONE",0,0,1,0,1
258,258,0,00,1,256,1,256,8,000,0,000,1,1,0,14,4,0,0,0,0,046,1,"SPECIAL_DONE",0,0,0,0,1
259,259,0,00,1,256,1,256,8,000,1,000,1,1,1,11,4,0,0,0,0,044,1,"SPECIAL_DONE",0,1,0,0,1
260,260,0,00,0,256,1,256,8,000,1,000,1,0,1,12,4,0,0,0,0,059,1,"SPECIAL_DONE",0,1,1,0,1
261,261,0,00,0,256,1,256,8,000,1,000,1,0,0,12,4,0,0,0,0,04d,1,"SPECIAL_DONE",0,0,1,0,1
262,262,0,00,1,256,1,256,8,000,1,000,1,1,0,12,4,0,0,0,0,045,1,"SPECIAL_DONE",0,0,1,0,1
263,263,0,00,0,256,1,256,8,000,1,000,1,0,0,12,4,0,0,0,0,053,1,"SPECIAL_DONE",0,1,1,0,1
264,264,0,00,0,256,1,256,8,000,1,000,1,0,0,11,4,0,0,0,0,048,1,"SPECIAL_DONE",0,0,0,0,1
265,265,0,00,0,256,1,256,8,000,1,000,0,0,1,12,4,0,0,0,0,040,1,"SPECIAL_DONE",0,0,0,0,1
266,266,0,00,1,256,1,256,8,000,1,000,0,1,1,12,4,0,0,0,0,045,1,"SPECIAL_DONE",0,0,1,0,1
267,267,0,00,0,256,1,256,8,000,1,000,0,0,1,13,4,0,0,0,0,05a,1,"SPECIAL_DONE",0,1,0,0,1
268,268,0,00,0,256,1,256,8,000,1,000,0,0,1,12,4,0,0,0,0,04a,1,"SPECIAL_DONE",0,0,1,0,1
269,269,0,00,0,256,1,256,8,000,1,000,0,0,0,11,4,0,0,0,0,044,0,"SPECIAL_DONE",0,0,0,0,1
270,270,0,00,0,256,1,256,8,000,1,000,0,0,1,13,4,0,0,0,0,058,0,"SPECIAL_DONE",0,0,1,0,1
271,271,0,00,1,256,1,256,8,000,1,000,0,1,0,14,4,0,0,0,0,053,0,"SPECIAL_DONE",0,0,1,0,1
272,272,0,00,1,256,1,256,8,000,1,000,0,1,0,12,4,0,0,0,0,053,0,"SPECIAL_DONE",0,1,1,0,1
273,273,0,00,0,256,1,256,8,000,1,000,0,0,0,12,4,0,0,0,0,059,0,"SPECIAL_DONE",0,1,1,0,1
274,274,0,00,1,256,1,256,8,000,1,000,0,1,0,10,0,0,0,0,0,05a,0,"SPECIAL_DONE",0,0,0,0,1
275,275,0,00,0,256,1,256,8,000,0,000,0,0,1,12,0,0,0,0,0,04f,0,"SPECIAL_DONE",0,1,1,0,1
276,276,0,00,1,256,1,256,8,000,0,000,0,1,0,12,0,0,0,0,0,045,0,"SPECIAL_DONE",0,0,0,0,1
277,277,0,00,0,256,1,256,8,000,0,000,0,0,1,11,0,0,0,0,0,05e,0,"SPECIAL_DONE",0,1,0,0,1
278,278,0,00,0,256,1,256,8,000,0,000,0,0,1,12,0,0,0,0,0,044,0,"SPECIAL_DONE",0,0,0,0,1
279,279,0,00,1,256,1,256,8,000,0,000,0,1,1,12,0,0,0,0,0,053,0,"SPECIAL_DONE",0,0,0,0,1
280,280,0,00,0,256,1,256,8,000,0,000,0,0,1,13,0,0,0,0,0,046,0,"SPECIAL_DONE",0,1,0,0,1
281,281,0,00,1,256,1,256,8,000,0,000,1,1,1,12,0,0,0,0,0,058,0,"SPECIAL_DONE",0,0,0,0,1
282,282,0,00,0,256,1,256,8,000,0,000,1,0,1,13,0,0,0,0,0,04a,0,"SPECIAL_DONE",0,1,0,0,1
283,283,0,00,1,256,1,256,8,000,0,000,1,1,1,11,0,0,0,0,0,04f,0,"SPECIAL_DONE",0,0,1,0,1
284,284,0,00,0,256,1,256,8,000,0,000,1,0,0,12,0,0,0,0,0,045,0,"SPECIAL_DONE",0,1,1,0,1
285,285,0,00,0,256,1,256,8,000,0,000,1,0,0,13,0,0,0,0,0,052,1,"SPECIAL_DONE",0,0,0,0,1
286,286,0,00,1,256,1,256,8,000,0,000,1,1,1,10,0,0,0,0,0,051,1,"SPECIAL_DONE",0,0,0,0,1
287,287,0,00,0,256,1,256,8,000,0,000,1,0,1,11,0,0,0,0,0,05b,1,"SPECIAL_DONE",0,1,1,0,1
288,288,0,00,0,256,1,256,8,000,0,000,1,0,0,12,0,0,0,0,0,04f,1,"SPECIAL_DONE",0,0,1,0,1
289,289,0,00,1,256,1,256,8,000,0,000,1,1,0,13,0,0,0,0,0,045,1,"SPECIAL_DONE",0,0,1,0,1
290,290,0,00,1,256,1,256,8,000,0,000,1,1,0,14,4,0,0,0,0,046,1,"SPECIAL_DONE",0,1,0,0,1
291,291,0,00,1,256,1,256,8,000,1,000,1,1,1,11,4,0,0,0,0,045,1,"SPECIAL_DONE",0,1,0,0,1
292,292,0,00,0,256,1,256,8,000,1,000,1,0,1,12,4,0,0,0,0,059,1,"SPECIAL_DONE",0,1,0,0,1
293,293,0,00,1,256,1,256,8,000,1,000,1,1,1,11,4,0,0,0,0,04d,1,"SPECIAL_DONE",0,0,1,0,1
294,294,0,00,1,256,1,256,8,000,1,000,1,1,0,12,4,0,0,0,0,045,1,"SPECIAL_DONE",0,1,1,0,0
295,295,0,00,0,256,1,256,8,000,1,000,1,0,0,12,4,0,0,0,0,053,1,"SPECIAL_DONE",0,1,1,0,0
296,296,0,00,0,256,1,256,8,000,1,000,1,0,0,11,4,0,0,0,0,048,1,"SPECIAL_DONE",0,0,0,0,0
297,297,0,00,0,256,1,256,8,000,1,000,0,0,1,12,4,0,0,0,0,040,1,"SPECIAL_DONE",0,0,0,0,0
298,298,0,00,1,256,1,256,8,000,1,000,0,1,1,12,4,0,0,0,0,045,1,"SPECIAL_DONE",0,0,1,0,0
299,299,0,00,0,256,1,256,8,000,1,000,0,0,1,13,4,0,0,0,0,05a,1,"SPECIAL_DONE",0,1,0,0,0
300,300,0,00,0,256,1,256,8,000,1,000,0,0,1,12,4,0,0,0,0,04a,1,"SPECIAL_DONE",0,0,1,0,0
301,301,0,00,0,256,1,256,8,000,1,000,0,0,0,11,4,0,0,0,0,044,0,"SPECIAL_DONE",0,0,1,0,0
302,302,0,00,1,256,1,256,8,000,1,000,0,1,0,13,4,0,0,0,0,058,0,"SPECIAL_DONE",0,0,1,0,0
303,303,0,00,0,256,1,256,8,000,1,000,0,0,0,14,4,0,0,0,0,053,0,"SPECIAL_DONE",0,1,1,0,0
304,304,0,00,1,256,1,256,8,000,1,000,0,1,0,12,4,0,0,0,0,053,0,"SPECIAL_DONE",0,0,1,0,0
305,305,0,00,0,256,1,256,8,000,1,000,0,0,0,12,4,0,0,0,0,059,0,"SPECIAL_DONE",0,1,1,0,0
306,306,0,00,1,256,1,256,8,000,1,000,0,1,0,10,0,0,0,0,0,050,0,"SPECIAL_DONE",0,0,0,0,0
307,307,0,00,0,256,1,256,8,000,0,000,0,0,1,12,0,0,0,0,0,05a,0,"SPECIAL_DONE",0,1,1,0,0
308,308,0,00,1,256,1,256,8,000,0,000,0,1,0,12,0,0,0,0,0,045,0,"SPECIAL_DONE",0,0,0,0,0
309,309,0,00,0,256,1,256,8,000,0,000,0,0,1,11,0,0,0,0,0,05f,0,"SPECIAL_DONE",0,1,0,0,0
310,310,0,00,0,256,1,256,8,000,0,000,0,0,1,12,0,0,0,0,0,044,0,"SPECIAL_DONE",0,0,0,0,0
311,311,0,00,1,256,1,256,8,000,0,000,0,1,1,12,0,0,0,0,0,053,0,"SPECIAL_DONE",0,0,0,0,0
312,312,0,00,0,256,1,256,8,000,0,000,0,0,1,13,0,0,0,0,0,046,0,"SPECIAL_DONE",0,1,1,0,0
313,313,0,00,0,256,1,256,8,000,0,000,1,0,1,13,0,0,0,0,0,058,0,"SPECIAL_DONE",0,0,0,0,0
314,314,0,00,0,256,1,256,8,000,0,000,1,0,1,13,0,0,0,0,0,04a,0,"SPECIAL_DONE",0,0,0,0,0
315,315,0,00,1,256,1,256,8,000,0,000,1,1,1,11,0,0,0,0,0,04f,0,"SPECIAL_DONE",0,0,1,0,0
316,316,0,00,0,256,1,256,8,000,0,000,1,0,0,12,0,0,0,0,0,045,0,"SPECIAL_DONE",0,1,1,0,0
317,317,0,00,0,256,1,256,8,000,0,000,1,0,0,13,0,0,0,0,0,052,1,"SPECIAL_DONE",0,0,1,0,0
318,318,0,00,0,256,1,256,8,000,0,000,1,0,0,11,0,0,0,0,0,050,1,"SPECIAL_DONE",0,0,0,0,0
319,319,0,00,0,256,1,256,8,000,0,000,1,0,1,11,0,0,0,0,0,051,1,"SPECIAL_DONE",0,0,1,0,0
320,320,0,00,0,256,1,256,8,000,0,000,1,0,0,12,0,0,0,0,0,050,1,"SPECIAL_DONE",0,0,1,0,0
321,321,0,00,1,256,1,256,8,000,0,000,1,1,1,13,0,0,0,0,0,050,1,"SPECIAL_DONE",0,0,0,0,0
322,322,0,00,0,256,1,256,8,000,0,000,1,0,1,14,4,0,0,0,0,046,1,"SPECIAL_DONE",0,1,0,0,0
323,323,0,00,1,256,1,256,8,000,1,000,1,1,1,11,4,0,0,0,0,045,1,"SPECIAL_DONE",0,0,0,0,0
324,324,0,00,0,256,1,256,8,000,1,000,1,0,1,12,4,0,0,0,0,05a,1,"SPECIAL_DONE",0,1,0,0,0
325,325,0,00,1,256,1,256,8,000,1,000,1,1,1,11,4,0,0,0,0,04c,1,"SPECIAL_DONE",0,0,1,0,0
326,326,0,00,1,256,1,256,8,000,1,000,1,1,0,12,4,0,0,0,0,045,1,"SPECIAL_DONE",0,1,1,0,0
327,327,0,00,0,256,1,256,8,000,1,000,1,0,0,12,4,0,0,0,0,053,1,"SPECIAL_DONE",0,1,1,0,0
328,328,0,00,0,256,1,256,8,000,1,000,1,0,0,11,4,0,0,0,0,048,1,"SPECIAL_DONE",0,0,0,0,0
329,329,0,00,0,256,1,256,8,000,1,000,0,0,1,12,4,0,0,0,0,040,1,"SPECIAL_DONE",0,0,0,0,0
330,330,0,00,1,256,1,256,8,000,1,000,0,1,1,12,4,0,0,0,0,045,1,"SPECIAL_DONE",0,0,1,0,0
331,331,0,00,0,256,1,256,8,000,1,000,0,0,1,13,4,0,0,0,0,05a,1,"SPECIAL_DONE",0,1,0,0,0
332,332,0,00,0,256,1,256,8,000,1,000,0,0,1,12,4,0,0,0,0,04a,1,"SPECIAL_DONE",0,0,1,0,0
333,333,0,00,1,256,1,256,8,000,1,000,0,1,0,11,4,0,0,0,0,044,0,"SPECIAL_DONE",0,0,1,0,0
334,334,0,00,1,256,1,256,8,000,1,000,0,1,0,13,4,0,0,0,0,059,0,"SPECIAL_DONE",0,1,1,0,0
335,335,0,00,0,256,1,256,8,000,1,000,0,0,0,14,4,0,0,0,0,051,0,"SPECIAL_DONE",0,1,1,0,0
336,336,0,00,1,256,1,256,8,000,1,000,0,1,0,12,4,0,0,0,0,054,0,"SPECIAL_DONE",0,0,1,0,0
337,337,0,00,0,256,1,256,8,000,1,000,0,0,0,12,4,0,0,0,0,05c,0,"SPECIAL_DONE",0,1,1,0,0
338,338,0,00,1,256,1,256,8,000,1,000,0,1,0,10,0,0,0,0,0,050,0,"SPECIAL_DONE",0,0,0,0,0
339,339,0,00,0,256,1,256,8,000,0,000,0,0,1,12,0,0,0,0,0,05a,0,"SPECIAL_DONE",0,1,1,0,0
340,340,0,00,1,256,1,256,8,000,0,000,0,1,0,12,0,0,0,0,0,045,0,"SPECIAL_DONE",0,0,0,0,0
341,341,0,00,0,256,1,256,8,000,0,000,0,0,1,11,0,0,0,0,0,05f,0,"SPECIAL_DONE",0,1,0,0,0
342,342,0,00,0,256,1,256,8,000,0,000,0,0,1,12,0,0,0,0,0,044,0,"SPECIAL_DONE",0,0,0,0,0
343,343,0,00,1,256,1,256,8,000,0,000,0,1,1,12,0,0,0,0,0,053,0,"SPECIAL_DONE",0,0,0,0,0
344,344,0,00,0,256,1,256,8,000,0,000,0,0,1,13,0,0,0,0,0,046,0,"SPECIAL_DONE",0,1,1,0,0
345,345,0,00,0,256,1,256,8,000,0,000,1,0,0,13,0,0,0,0,0,058,0,"SPECIAL_DONE",0,0,0,0,0
346,346,0,00,0,256,1,256,8,000,0,000,1,0,1,13,0,0,0,0,0,04a,0,"SPECIAL_DONE",0,0,1,0,0
347,347,0,00,0,256,1,256,8,000,0,000,1,0,0,12,0,0,0,0,0,045,0,"SPECIAL_DONE",0,0,1,0,0
348,348,0,00,0,256,1,256,8,000,0,000,1,0,0,12,0,0,0,0,0,050,0,"SPECIAL_DONE",0,0,1,0,0
349,349,0,00,0,256,1,256,8,000,0,2b5,1,0,0,13,0,0,0,0,0,052,1,"SPECIAL_DONE",0,0,1,0,0
350,350,0,00,0,256,1,256,8,000,0,14a,1,0,0,11,0,0,0,0,0,051,1,"SPECIAL_DONE",0,0,0,0,0
351,351,0,00,0,256,1,256,8,000,0,2b5,1,0,1,11,0,0,0,0,0,051,1,"SPECIAL_DONE",0,0,1,0,0
352,352,0,00,1,256,1,256,8,000,0,14a,1,1,0,12,0,0,0,0,0,050,1,"SPECIAL_DONE",0,0,0,0,0
353,353,0,00,0,256,1,256,8,000,0,2b5,1,0,1,13,0,0,0,0,0,050,1,"SPECIAL_DONE",0,1,0,0,0
354,354,0,00,0,256,1,256,8,000,0,14a,1,0,1,14,4,0,0,0,0,046,1,"SPECIAL_DONE",0,0,0,0,0
355,355,0,00,1,256,1,256,8,000,1,2b5,1,1,1,11,4,0,0,0,0,045,1,"SPECIAL_DONE",0,0,0,0,0
356,356,0,00,1,256,1,256,8,000,1,14a,1,1,1,12,4,0,0,0,0,059,1,"SPECIAL_DONE",0,1,0,0,0
357,357,0,00,1,256,1,256,8,000,1,2b5,1,1,1,11,4,0,0,0,0,04f,1,"SPECIAL_DONE",0,1,0,0,0
358,358,0,00,0,256,1,256,8,000,1,2b5,1,0,1,12,4,0,0,0,0,04c,1,"SPECIAL_DONE",0,1,1,0,0
359,359,0,00,0,256,1,256,8,2b5,1,14a,1,0,0,12,4,0,0,0,0,053,1,"SPECIAL_DONE",0,0,1,0,0
360,360,0,00,0,256,1,256,8,14a,1,14a,1,0,0,11,4,0,0,0,0,048,1,"SPECIAL_DONE",0,0,0,0,0
361,361,0,00,0,256,1,256,8,2b5,1,2b5,0,0,1,12,4,0,0,0,0,040,1,"SPECIAL_DONE",0,0,0,0,0
362,362,0,00,1,256,1,256,8,14a,1,2b5,0,1,1,12,4,0,0,0,0,044,1,"SPECIAL_DONE",0,0,1,0,0
363,363,0,00,0,256,1,256,8,2b5,1,14a,0,0,1,13,4,0,0,0,0,05a,1,"SPECIAL_DONE",0,1,0,0,0
364,364,0,00,0,256,1,256,8,14a,1,14a,0,0,1,12,4,0,0,0,0,04a,1,"SPECIAL_DONE",0,0,1,0,0
365,365,0,00,0,256,1,256,8,2b5,1,2b5,0,0,1,11,4,0,0,0,0,044,0,"SPECIAL_DONE",0,0,0,0,0
366,366,0,00,0,256,1,256,8,14a,1,14a,0,0,1,13,4,0,0,0,0,059,0,"SPECIAL_DONE",0,0,1,0,0
367,367,0,00,1,256,1,256,8,2b5,1,2b5,0,1,0,14,4,0,0,0,0,051,0,"SPECIAL_DONE",0,0,1,0,0
368,368,0,00,1,256,1,256,8,2b5,1,14a,0,1,0,12,4,0,0,0,0,056,0,"SPECIAL_DONE",0,1,1,0,0
369,369,0,00,0,256,1,256,8,14a,1,2b5,0,0,0,12,4,0,0,0,0,059,0,"SPECIAL_DONE",0,1,1,0,0
370,370,0,00,1,256,1,256,8,14a,1,14a,0,1,0,10,0,0,0,0,0,05a,0,"SPECIAL_DONE",0,0,0,0,0
371,371,0,00,0,256,1,256,8,2b5,0,2b5,0,0,1,12,0,0,0,0,0,04f,0,"SPECIAL_DONE",0,1,1,0,0
372,372,0,00,1,256,1,256,8,2b5,0,14a,0,1,0,12,0,0,0,0,0,044,0,"SPECIAL_DONE",0,0,0,0,0
373,373,0,00,0,256,1,256,8,14a,0,2b5,0,0,1,11,0,0,0,0,0,05f,0,"SPECIAL_DONE",0,1,1,0,0
374,374,0,00,1,256,1,256,8,14a,0,2b5,0,1,0,12,0,0,0,0,0,044,0,"SPECIAL_DONE",0,0,0,0,0
375,375,0,00,1,256,1,256,8,2b5,0,14a,0,1,1,12,0,0,0,0,0,053,0,"SPECIAL_DONE",0,1,0,0,0
376,376,0,00,0,256,1,256,8,14a,0,14a,0,0,1,13,0,0,0,0,0,046,0,"SPECIAL_DONE",0,1,1,0,0
377,377,0,00,0,256,1,256,8,2b5,0,2b5,1,0,1,13,0,0,0,0,0,058,0,"SPECIAL_DONE",0,0,0,0,0
378,378,0,00,0,256,1,256,8,14a,0,2b5,1,0,1,13,0,0,0,0,0,04a,0,"SPECIAL_DONE",0,0,0,0,0
379,379,0,00,1,256,1,256,8,2b5,0,14a,1,1,1,11,0,0,0,0,0,04f,0,"SPECIAL_DONE",0,0,1,0,0
380,380,0,00,0,256,1,256,8,14a,0,14a,1,0,0,12,0,0,0,0,0,045,0,"SPECIAL_DONE",0,1,1,0,0
381,381,0,00,0,256,1,256,8,2b5,0,049,1,0,1,13,0,0,0,0,0,052,1,"SPECIAL_DONE",0,0,0,0,0
382,382,0,00,1,256,1,256,8,14a,0,04d,1,1,1,10,0,0,0,0,0,051,1,"SPECIAL_DONE",0,0,0,0,0
383,383,0,00,0,256,1,256,8,2b5,0,04c,1,0,1,11,0,0,0,0,0,051,1,"SPECIAL_DONE",0,1,1,0,0
384,384,0,00,1,256,1,256,8,2b5,0,042,1,1,0,12,0,0,0,0,0,050,1,"SPECIAL_DONE",0,0,1,0,0
385,385,0,00,1,256,1,256,8,14a,0,046,1,1,0,13,0,0,0,0,0,050,1,"SPECIAL_DONE",0,1,1,0,0
386,386,0,00,1,256,1,256,8,14a,0,054,1,1,0,14,4,0,0,0,0,046,1,"SPECIAL_DONE",0,1,0,0,0
387,387,0,00,1,256,1,256,8,2b5,1,049,1,1,1,11,4,0,0,0,0,044,1,"SPECIAL_DONE",0,1,0,0,0
388,388,0,00,0,256,1,256,8,2b5,1,04f,1,0,1,12,4,0,0,0,0,05b,1,"SPECIAL_DONE",0,1,1,0,0
389,389,0,00,0,256,1,256,8,14a,1,048,1,0,0,12,4,0,0,0,0,04e,1,"SPECIAL_DONE",0,0,1,0,0
390,390,0,00,1,256,1,256,8,14a,1,04c,1,1,0,12,4,0,0,0,0,044,1,"SPECIAL_DONE",0,0,1,0,0
391,391,0,00,0,256,1,256,8,04b,1,050,1,0,0,12,4,0,0,0,0,053,1,"SPECIAL_DONE",0,1,1,0,0
392,392,0,00,0,256,1,256,8,04d,1,04c,1,0,0,11,4,0,0,0,0,048,1,"SPECIAL_DONE",0,0,0,0,0
393,393,0,00,0,256,1,256,8,054,1,049,0,0,1,12,4,0,0,0,0,040,1,"SPECIAL_DONE",0,0,0,0,0
394,394,0,00,1,256,1,256,8,047,1,048,0,1,1,12,4,0,0,0,0,045,1,"SPECIAL_DONE",0,0,1,0,0
395,395,0,00,0,256,1,256,8,04c,1,048,0,0,0,13,4,0,0,0,0,05a,1,"SPECIAL_DONE",0,1,1,0,0
396,396,0,00,1,256,1,256,8,054,1,04a,0,1,0,12,4,0,0,0,0,04a,1,"SPECIAL_DONE",0,0,1,0,0
397,397,0,00,1,256,1,256,8,04e,1,049,0,1,0,11,4,0,0,0,0,044,0,"SPECIAL_DONE",0,1,0,0,0
398,398,0,00,0,256,1,256,8,04e,1,04a,0,0,1,13,4,0,0,0,0,059,0,"SPECIAL_DONE",0,1,1,0,0
399,399,0,00,1,256,1,256,8,04c,1,04c,0,1,0,14,4,0,0,0,0,051,0,"SPECIAL_DONE",0,0,1,0,0
400,400,0,00,1,256,1,256,8,050,1,055,0,1,0,12,4,0,0,0,0,056,0,"SPECIAL_DONE",0,1,1,0,0
401,401,0,00,0,256,1,256,8,04a,1,048,0,0,0,12,4,0,0,0,0,059,0,"SPECIAL_DONE",0,1,1,0,0
402,402,0,00,1,256,1,256,8,049,1,055,0,1,0,10,0,0,0,0,0,050,0,"SPECIAL_DONE",0,0,0,0,0
403,403,0,00,0,256,1,256,8,051,0,053,0,0,1,12,0,0,0,0,0,05a,0,"SPECIAL_DONE",0,1,1,0,0
404,404,0,00,1,256,1,256,8,04c,0,07e,0,1,0,12,0,0,0,0,0,045,0,"SPECIAL_DONE",0,0,0,0,0
405,405,0,00,0,256,1,256,8,048,0,059,0,0,1,11,0,0,0,0,0,05f,0,"SPECIAL_DONE",0,1,0,0,0
406,406,0,00,0,256,1,256,8,04d,0,049,0,0,1,12,0,0,0,0,0,044,0,"SPECIAL_DONE",0,0,0,0,0
407,407,0,00,1,256,1,256,8,04c,0,044,0,1,1,12,0,0,0,0,0,053,0,"SPECIAL_DONE",0,0,0,0,0
408,408,0,00,0,256,1,256,8,050,0,04b,0,0,1,13,0,0,0,0,0,046,0,"SPECIAL_DONE",0,1,1,0,0
409,409,0,00,0,256,1,256,8,047,0,04f,1,0,0,13,0,0,0,0,0,058,0,"SPECIAL_DONE",0,0,0,0,0
410,410,0,00,0,256,1,256,8,048,0,054,1,0,1,13,0,0,0,0,0,04a,0,"SPECIAL_DONE",0,0,0,0,0
411,411,0,00,1,256,1,256,8,04b,0,04f,1,1,1,11,0,0,0,0,0,045,0,"SPECIAL_DONE",0,0,1,0,0
412,412,0,00,0,256,1,256,8,04a,0,04c,1,0,0,12,0,0,0,0,0,050,0,"SPECIAL_DONE",0,1,1,0,0
413,413,0,00,0,256,1,256,8,048,0,049,1,0,1,13,0,0,0,0,0,052,1,"SPECIAL_DONE",0,0,0,0,0
414,414,0,00,1,256,1,256,8,054,0,04d,1,1,1,10,0,0,0,0,0,051,1,"SPECIAL_DONE",0,0,0,0,0
415,415,0,00,0,256,1,256,8,04c,0,04b,1,0,1,11,0,0,0,0,0,051,1,"SPECIAL_DONE",0,1,1,0,0
416,416,0,00,1,256,1,256,8,044,0,043,1,1,0,12,0,0,0,0,0,050,1,"SPECIAL_DONE",0,0,1,0,0
417,417,0,00,1,256,1,256,8,04d,0,046,1,1,1,13,0,0,0,0,0,050,1,"SPECIAL_DONE",0,1,0,0,0
418,418,0,00,0,256,1,256,8,043,0,054,1,0,1,14,4,0,0,0,0,046,1,"SPECIAL_DONE",0,1,0,0,0
419,419,0,00,1,256,1,256,8,049,1,049,1,1,1,11,4,0,0,0,0,044,1,"SPECIAL_DONE",0,0,0,0,0
420,420,0,00,0,256,1,256,8,04d,1,04f,1,0,1,12,4,0,0,0,0,05b,1,"SPECIAL_DONE",0,1,1,0,0
421,421,0,00,0,256,1,256,8,04c,1,048,1,0,1,12,4,0,0,0,0,04e,1,"SPECIAL_DONE",0,0,0,0,0
422,422,0,00,0,256,1,256,8,04b,1,04c,1,0,1,12,4,0,0,0,0,044,1,"SPECIAL_DONE",0,0,1,0,1
423,423,0,00,0,256,1,256,8,04a,1,050,1,0,0,12,4,0,0,0,0,053,1,"SPECIAL_DONE",0,0,1,0,1
424,424,0,00,0,256,1,256,8,04d,1,04c,1,0,0,11,4,0,0,0,0,048,1,"SPECIAL_DONE",0,0,0,0,1
425,425,0,00,1,256,1,256,8,053,1,049,0,1,1,12,4,0,0,0,0,040,1,"SPECIAL_DONE",0,0,0,0,1
426,426,0,00,1,256,1,256,8,047,1,048,0,1,1,12,4,0,0,0,0,045,1,"SPECIAL_DONE",0,1,1,0,1
427,427,0,00,0,256,1,256,8,04c,1,047,0,0,0,13,4,0,0,0,0,05a,1,"SPECIAL_DONE",0,1,1,0,1
428,428,0,00,1,256,1,256,8,054,1,04a,0,1,0,12,4,0,0,0,0,04a,1,"SPECIAL_DONE",0,0,1,0,1
429,429,0,00,0,256,1,256,8,04e,1,049,0,0,0,11,4,0,0,0,0,044,0,"SPECIAL_DONE",0,1,0,0,1
430,430,0,00,0,256,1,256,8,04f,1,04a,0,0,1,13,4,0,0,0,0,059,0,"SPECIAL_DONE",0,0,1,0,1
431,431,0,00,1,256,1,256,8,04c,1,04d,0,1,0,14,4,0,0,0,0,053,0,"SPECIAL_DONE",0,0,0,0,1
432,432,0,00,0,256,1,256,8,050,1,055,0,0,1,12,4,0,0,0,0,053,0,"SPECIAL_DONE",0,1,1,0,1
433,433,0,00,0,256,1,256,8,04a,1,048,0,0,0,12,4,0,0,0,0,059,0,"SPECIAL_DONE",0,0,1,0,1
434,434,0,00,1,256,1,256,8,049,1,056,0,1,0,10,0,0,0,0,0,05a,0,"SPECIAL_DONE",0,0,1,0,1
435,435,0,00,1,256,1,256,8,051,0,053,0,1,0,12,0,0,0,0,0,04f,0,"SPECIAL_DONE",0,1,1,0,1
436,436,0,00,1,256,1,256,8,04c,0,03e,0,1,0,12,0,0,0,0,0,045,0,"SPECIAL_DONE",0,1,0,0,1
437,437,0,00,0,256,1,256,8,048,0,058,0,0,1,11,0,0,0,0,0,05f,0,"SPECIAL_DONE",0,1,0,0,1
438,438,0,00,0,256,1,256,8,04d,0,04a,0,0,1,12,0,0,0,0,0,044,0,"SPECIAL_DONE",0,0,0,0,1
439,439,0,00,1,256,1,256,8,04c,0,044,0,1,1,12,0,0,0,0,0,053,0,"SPECIAL_DONE",0,0,0,0,1
440,440,0,00,0,256,1,256,8,04f,0,04b,0,0,1,13,0,0,0,0,0,046,0,"SPECIAL_DONE",0,1,1,0,1
441,441,0,00,0,256,1,256,8,047,0,04f,1,0,0,13,0,0,0,0,0,059,0,"SPECIAL_DONE",0,0,1,0,1
442,442,0,00,1,256,1,256,8,048,0,054,1,1,0,13,0,0,0,0,0,04a,0,"SPECIAL_DONE",0,0,0,0,1
443,443,0,00,1,256,1,256,8,04b,0,04f,1,1,1,11,0,0,0,0,0,04f,0,"SPECIAL_DONE",0,1,1,0,1
444,444,0,00,0,256,1,256,8,04a,0,04c,1,0,0,12,0,0,0,0,0,045,0,"SPECIAL_DONE",0,1,1,0,1
445,445,0,00,0,256,1,256,8,048,0,049,1,0,1,13,0,0,0,0,0,052,1,"SPECIAL_DONE",0,0,0,0,1
446,446,0,00,1,256,1,256,8,055,0,04d,1,1,1,10,0,0,0,0,0,051,1,"SPECIAL_DONE",0,0,0,0,1
447,447,0,00,0,256,1,256,8,04c,0,04c,1,0,1,11,0,0,0,0,0,051,1,"SPECIAL_DONE",0,1,1,0,1
448,448,0,00,0,256,1,256,8,044,0,042,1,0,0,12,0,0,0,0,0,050,1,"SPECIAL_DONE",0,0,1,0,1
449,449,0,00,1,256,1,256,8,04d,0,046,1,1,0,13,0,0,0,0,0,050,1,"SPECIAL_DONE",0,0,1,0,1
450,450,0,00,1,256,1,256,8,043,0,054,1,1,0,14,4,0,0,0,0,046,1,"SPECIAL_DONE",0,1,0,0,1
451,451,0,00,1,256,1,256,8,049,1,049,1,1,1,11,4,0,0,0,0,045,1,"SPECIAL_DONE",0,1,0,0,1
452,452,0,00,0,256,1,256,8,04c,1,04f,1,0,1,12,4,0,0,0,0,05b,1,"SPECIAL_DONE",0,1,1,0,1
453,453,0,00,0,256,1,256,8,04c,1,048,1,0,0,12,4,0,0,0,0,04c,1,"SPECIAL_DONE",0,0,1,0,1
454,454,0,00,1,256,1,256,8,04c,1,04c,1,1,0,12,4,0,0,0,0,045,1,"SPECIAL_DONE",0,0,1,0,1
455,455,0,00,0,256,1,256,8,04b,1,050,1,0,0,12,4,0,0,0,0,053,1,"SPECIAL_DONE",0,1,1,0,1
456,456,0,00,0,256,1,256,8,04d,1,04c,1,0,0,11,4,0,0,0,0,048,1,"SPECIAL_DONE",0,0,0,0,1
457,457,0,00,0,256,1,256,8,054,1,049,0,0,1,12,4,0,0,0,0,040,1,"SPECIAL_DONE",0,0,1,0,1
458,458,0,00,0,256,1,256,8,047,1,048,0,0,0,13,4,0,0,0,0,045,1,"SPECIAL_DONE",0,0,1,0,1
459,459,0,00,0,256,1,256,8,04c,1,047,0,0,0,13,4,0,0,0,0,05a,1,"SPECIAL_DONE",0,0,1,0,1
460,460,0,00,1,256,1,256,8,053,1,04a,0,1,0,12,4,0,0,0,0,04a,1,"SPECIAL_DONE",0,0,1,0,1
461,461,0,00,1,256,1,256,8,04e,1,049,0,1,0,11,4,0,0,0,0,044,0,"SPECIAL_DONE",0,1,0,0,1
462,462,0,00,0,256,1,256,8,04e,1,04a,0,0,1,13,4,0,0,0,0,059,0,"SPECIAL_DONE",0,1,1,0,1
463,463,0,00,1,256,1,256,8,04c,1,04d,0,1,0,14,4,0,0,0,0,051,0,"SPECIAL_DONE",0,0,1,0,1
464,464,0,00,1,256,1,256,8,050,1,055,0,1,0,12,4,0,0,0,0,056,0,"SPECIAL_DONE",0,1,1,0,1
465,465,0,00,0,256,1,256,8,04a,1,048,0,0,0,12,4,0,0,0,0,059,0,"SPECIAL_DONE",0,1,1,0,1
466,466,0,00,1,256,1,256,8,049,1,055,0,1,0,10,0,0,0,0,0,050,0,"SPECIAL_DONE",0,0,0,0,1
467,467,0,00,0,256,1,256,8,050,0,052,0,0,1,12,0,0,0,0,0,05a,0,"SPECIAL_DONE",0,1,0,0,1
468,468,0,00,0,256,1,256,8,04c,0,03e,0,0,1,12,0,0,0,0,0,045,0,"SPECIAL_DONE",0,0,0,0,1
469,469,0,00,0,256,1,256,8,048,0,058,0,0,1,11,0,0,0,0,0,05e,0,"SPECIAL_DONE",0,0,0,0,1
470,470,0,00,0,256,1,256,8,04d,0,04a,0,0,1,12,0,0,0,0,0,044,0,"SPECIAL_DONE",0,0,0,0,1
471,471,0,00,1,256,1,256,8,04c,0,044,0,1,1,12,0,0,0,0,0,050,0,"SPECIAL_DONE",0,0,0,0,1
472,472,0,00,0,256,1,256,8,04f,0,04b,0,0,1,13,0,0,0,0,0,047,0,"SPECIAL_DONE",0,1,1,0,1
473,473,0,00,0,256,1,256,8,047,0,04f,1,0,0,13,0,0,0,0,0,058,0,"SPECIAL_DONE",0,0,1,0,1
474,474,0,00,1,256,1,256,8,048,0,054,1,1,0,13,0,0,0,0,0,04a,0,"SPECIAL_DONE",0,0,0,0,1
475,475,0,00,1,256,1,256,8,04a,0,04f,1,1,1,11,0,0,0,0,0,04f,0,"SPECIAL_DONE",0,1,0,0,1
476,476,0,00,1,256,1,256,8,04b,0,04c,1,1,1,11,0,0,0,0,0,045,0,"SPECIAL_DONE",0,1,1,0,1
477,477,0,00,0,256,1,256,8,048,0,000,1,0,1,13,0,0,0,0,0,052,1,"SPECIAL_DONE",0,1,0,0,1
478,478,0,00,1,256,1,256,8,054,0,000,1,1,1,10,0,0,0,0,0,051,1,"SPECIAL_DONE",0,0,0,0,1
479,479,0,00,0,256,1,256,8,04c,0,000,1,0,1,11,0,0,0,0,0,051,1,"SPECIAL_DONE",0,1,1,0,1
480,480,0,00,0,256,1,256,8,044,0,000,1,0,0,12,0,0,0,0,0,05a,1,"SPECIAL_DONE",0,0,1,0,1
481,481,0,00,1,256,1,256,8,04d,0,000,1,1,1,13,0,0,0,0,0,045,1,"SPECIAL_DONE",0,0,0,0,1
482,482,0,00,0,256,1,256,8,043,0,000,1,0,1,14,4,0,0,0,0,046,1,"SPECIAL_DONE",0,1,0,0,1
483,483,0,00,1,256,1,256,8,049,1,000,1,1,1,11,4,0,0,0,0,044,1,"SPECIAL_DONE",0,0,0,0,1
484,484,0,00,0,256,1,256,8,04c,1,000,1,0,1,12,4,0,0,0,0,05b,1,"SPECIAL_DONE",0,1,0,0,1
485,485,0,00,1,256,1,256,8,04c,1,000,1,1,1,11,4,0,0,0,0,04c,1,"SPECIAL_DONE",0,0,0,0,1
486,486,0,00,0,256,1,256,8,04b,1,000,1,0,1,12,4,0,0,0,0,045,1,"SPECIAL_DONE",0,1,1,0,1
487,487,0,00,0,256,1,256,8,000,1,000,1,0,0,12,4,0,0,0,0,053,1,"SPECIAL_DONE",0,0,1,0,1
488,488,0,00,0,256,1,256,8,000,1,000,1,0,0,11,4,0,0,0,0,048,1,"SPECIAL_DONE",0,0,0,0,1
489,489,0,00,1,256,1,256,8,000,1,000,0,1,1,12,4,0,0,0,0,040,1,"SPECIAL_DONE",0,0,0,0,1
490,490,0,00,1,256,1,256,8,000,1,000,0,1,1,12,4,0,0,0,0,045,1,"SPECIAL_DONE",0,1,1,0,1
491,491,0,00,0,256,1,256,8,000,1,000,0,0,1,13,4,0,0,0,0,05b,1,"SPECIAL_DONE",0,1,0,0,1
492,492,0,00,0,256,1,256,8,000,1,000,0,0,1,12,4,0,0,0,0,04a,1,"SPECIAL_DONE",0,0,1,0,1
493,493,0,00,0,256,1,256,8,000,1,000,0,0,0,11,4,0,0,0,0,046,0,"SPECIAL_DONE",0,0,0,0,1
494,494,0,00,0,256,1,256,8,000,1,000,0,0,1,13,4,0,0,0,0,058,0,"SPECIAL_DONE",0,0,1,0,1
495,495,0,00,1,256,1,256,8,000,1,000,0,1,0,14,4,0,0,0,0,052,0,"SPECIAL_DONE",0,0,0,0,1
496,496,0,00,0,256,1,256,8,000,1,000,0,0,1,12,4,0,0,0,0,053,0,"SPECIAL_DONE",0,1,1,0,1
497,497,0,00,0,256,1,256,8,000,1,000,0,0,0,12,4,0,0,0,0,059,0,"SPECIAL_DONE",0,0,1,0,1
498,498,0,00,0,256,1,256,8,000,1,000,0,0,0,10,0,0,0,0,0,050,0,"SPECIAL_DONE",0,0,0,0,1
499,499,0,00,0,256,1,256,8,000,0,000,0,0,1,12,0,0,0,0,0,05a,0,"SPECIAL_DONE",0,0,0,0,1
500,500,0,00,0,256,1,256,8,000,0,000,0,0,1,12,0,0,0,0,0,045,0,"SPECIAL_DONE",0,0,0,0,1
501,501,0,00,0,256,1,256,8,000,0,000,0,0,1,11,0,0,0,0,0,05e,0,"SPECIAL_DONE",0,0,0,0,1
502,502,0,00,0,256,1,256,8,000,0,000,0,0,1,12,0,0,0,0,0,044,0,"SPECIAL_DONE",0,0,0,0,1
503,503,0,00,1,256,1,256,8,000,0,000,0,1,1,12,0,0,0,0,0,053,0,"SPECIAL_DONE",0,0,0,0,1
504,504,0,00,0,256,1,256,8,000,0,000,0,0,1,13,0,0,0,0,0,046,0,"SPECIAL_DONE",0,1,1,0,1
505,505,0,00,0,256,1,256,8,000,0,000,1,0,0,13,0,0,0,0,0,058,0,"SPECIAL_DONE",0,0,1,0,1
506,506,0,00,1,256,1,256,8,000,0,000,1,1,0,13,0,0,0,0,0,04a,0,"SPECIAL_DONE",0,0,0,0,1
507,507,0,00,1,256,1,256,8,000,0,000,1,1,1,11,0,0,0,0,0,04f,0,"SPECIAL_DONE",0,1,1,0,1
508,508,0,00,0,256,1,256,8,000,0,000,1,0,0,12,0,0,0,0,0,045,0,"SPECIAL_DONE",0,1,1,0,1
509,509,0,00,0,256,1,256,8,000,0,000,1,0,0,13,0,0,0,0,0,050,1,"SPECIAL_DONE",0,0,1,0,1
510,510,0,00,0,256,1,256,8,000,0,000,1,0,0,11,0,0,0,0,0,054,1,"SPECIAL_DONE",0,0,0,0,1
511,511,0,00,0,256,1,256,8,000,0,000,1,0,1,11,0,0,0,0,0,051,1,"SPECIAL_DONE",0,0,1,0,1
512,512,1,00,0,256,1,256,8,000,0,000,1,0,0,12,0,0,0,0,0,050,1,"SPECIAL_DONE",0,0,1,0,1
513,513,0,00,1,256,1,256,8,000,0,000,1,1,1,13,0,0,0,0,0,050,1,"SPECIAL_DONE",0,0,0,0,1
514,514,0,00,0,256,1,256,8,000,0,000,1,0,1,14,4,0,0,0,0,046,1,"SPECIAL_DONE",0,1,0,0,1
515,515,0,00,1,256,1,256,8,000,1,000,1,1,1,11,4,0,0,0,0,045,1,"SPECIAL_DONE",0,0,0,0,1
516,516,0,00,0,256,1,256,8,000,1,000,1,0,1,12,4,0,0,0,0,058,1,"SPECIAL_DONE",0,1,1,0,1
517,517,0,00,0,256,1,256,8,000,1,000,1,0,1,12,4,0,0,0,0,04d,1,"SPECIAL_DONE",0,0,0,0,1
518,518,0,00,0,256,1,256,8,000,1,000,1,0,1,12,4,0,0,0,0,045,1,"SPECIAL_DONE",0,0,1,0,1
519,519,0,00,0,256,1,256,8,000,1,000,1,0,0,12,4,0,0,0,0,053,1,"SPECIAL_DONE",0,0,1,0,1
520,520,0,00,0,256,1,256,8,000,1,000,1,0,0,11,4,0,0,0,0,048,1,"SPECIAL_DONE",0,0,0,0,1
521,521,0,00,1,256,1,256,8,000,1,000,0,1,1,12,4,0,0,0,0,040,1,"SPECIAL_DONE",0,0,0,0,1
522,522,0,00,1,256,1,256,8,000,1,000,0,1,1,12,4,0,0,0,0,045,1,"SPECIAL_DONE",0,1,1,0,1
523,523,0,00,0,256,1,256,8,000,1,000,0,0,1,13,4,0,0,0,0,05b,1,"SPECIAL_DONE",0,1,0,0,1
524,524,0,00,0,256,1,256,8,000,1,000,0,0,1,12,4,0,0,0,0,04b,1,"SPECIAL_DONE",0,0,1,0,1
525,525,0,00,0,256,1,256,8,000,1,000,0,0,0,11,4,0,0,0,0,044,0,"SPECIAL_DONE",0,0,1,0,1
526,526,0,00,1,256,1,256,8,000,1,000,0,1,0,13,4,0,0,0,0,059,0,"SPECIAL_DONE",0,0,1,0,1
527,527,0,00,1,256,1,256,8,000,1,000,0,1,0,14,4,0,0,0,0,053,0,"SPECIAL_DONE",0,1,0,0,1
528,528,0,00,0,256,1,256,8,000,1,000,0,0,1,12,4,0,0,0,0,053,0,"SPECIAL_DONE",0,1,1,0,1
529,529,0,00,0,256,1,256,8,000,1,000,0,0,0,12,4,0,0,0,0,059,0,"SPECIAL_DONE",0,0,1,0,1
530,530,0,00,1,256,1,256,8,000,1,000,0,1,0,10,0,0,0,0,0,050,0,"SPECIAL_DONE",0,0,1,0,1
531,531,0,00,1,256,1,256,8,000,0,000,0,1,0,12,0,0,0,0,0,05a,0,"SPECIAL_DONE",0,1,1,0,1
532,532,0,00,1,256,1,256,8,000,0,000,0,1,0,12,0,0,0,0,0,045,0,"SPECIAL_DONE",0,1,0,0,1
533,533,0,00,0,256,1,256,8,000,0,000,0,0,1,11,0,0,0,0,0,05f,0,"SPECIAL_DONE",0,1,0,0,1
534,534,0,00,0,256,1,256,8,000,0,000,0,0,1,12,0,0,0,0,0,044,0,"SPECIAL_DONE",0,0,0,0,1
535,535,0,00,1,256,1,256,8,000,0,000,0,1,1,12,0,0,0,0,0,053,0,"SPECIAL_DONE",0,0,0,0,1
536,536,0,00,0,256,1,256,8,000,0,000,0,0,1,13,0,0,0,0,0,046,0,"SPECIAL_DONE",0,1,1,0,1
537,537,0,00,0,256,1,256,8,000,0,000,1,0,0,13,0,0,0,0,0,058,0,"SPECIAL_DONE",0,0,0,0,1
538,538,0,00,0,256,1,256,8,000,0,000,1,0,1,13,0,0,0,0,0,04a,0,"SPECIAL_DONE",0,0,1,0,1
539,539,0,00,0,256,1,256,8,000,0,000,1,0,0,12,0,0,0,0,0,04f,0,"SPECIAL_DONE",0,0,1,0,1
540,540,0,00,0,256,1,256,8,000,0,000,1,0,0,12,0,0,0,0,0,045,0,"SPECIAL_DONE",0,0,1,0,1
541,541,0,00,0,256,1,256,8,000,0,000,1,0,0,13,0,0,0,0,0,052,1,"SPECIAL_DONE",0,0,0,0,1
542,542,0,00,1,256,1,256,8,000,0,000,1,1,1,10,0,0,0,0,0,051,1,"SPECIAL_DONE",0,0,0,0,1
543,543,0,00,0,256,1,256,8,000,0,000,1,0,1,11,0,0,0,0,0,051,1,"SPECIAL_DONE",0,1,1,0,1
544,544,0,00,1,256,1,256,8,000,0,000,1,1,0,12,0,0,0,0,0,050,1,"SPECIAL_DONE",0,0,0,0,1
545,545,0,00,0,256,1,256,8,000,0,000,1,0,1,13,0,0,0,0,0,050,1,"SPECIAL_DONE",0,1,0,0,1
546,546,0,00,0,256,1,256,8,000,0,000,1,0,1,14,4,0,0,0,0,046,1,"SPECIAL_DONE",0,0,1,0,1
547,547,0,00,0,256,1,256,8,000,1,000,1,0,0,12,4,0,0,0,0,044,1,"SPECIAL_DONE",0,0,1,0,1
548,548,0,00,1,256,1,256,8,000,1,000,1,1,0,12,4,0,0,0,0,05b,1,"SPECIAL_DONE",0,0,0,0,1
549,549,0,00,1,256,1,256,8,000,1,000,1,1,1,11,4,0,0,0,0,04c,1,"SPECIAL_DONE",0,1,0,0,1
550,550,0,00,0,256,1,256,8,000,1,000,1,0,1,12,4,0,0,0,0,045,1,"SPECIAL_DONE",0,1,1,0,0
551,551,0,00,0,256,1,256,8,000,1,000,1,0,0,12,4,0,0,0,0,053,1,"SPECIAL_DONE",0,0,1,0,0
552,552,0,00,0,256,1,256,8,000,1,000,1,0,0,11,4,0,0,0,0,048,1,"SPECIAL_DONE",0,0,0,0,0
553,553,0,00,0,256,1,256,8,000,1,000,0,0,1,12,4,0,0,0,0,040,1,"SPECIAL_DONE",0,0,0,0,0
554,554,0,00,1,256,1,256,8,000,1,000,0,1,1,12,4,0,0,0,0,045,1,"SPECIAL_DONE",0,0,1,0,0
555,555,0,00,0,256,1,256,8,000,1,000,0,0,1,13,4,0,0,0,0,05b,1,"SPECIAL_DONE",0,1,0,0,0
556,556,0,00,0,256,1,256,8,000,1,000,0,0,1,12,4,0,0,0,0,04a,1,"SPECIAL_DONE",0,0,1,0,0
557,557,0,00,0,256,1,256,8,000,1,000,0,0,0,11,4,0,0,0,0,044,0,"SPECIAL_DONE",0,0,1,0,0
558,558,0,00,1,256,1,256,8,000,1,000,0,1,0,13,4,0,0,0,0,059,0,"SPECIAL_DONE",0,0,1,0,0
559,559,0,00,1,256,1,256,8,000,1,000,0,1,0,14,4,0,0,0,0,053,0,"SPECIAL_DONE",0,1,1,0,0
560,560,0,00,1,256,1,256,8,000,1,000,0,1,0,12,4,0,0,0,0,053,0,"SPECIAL_DONE",0,1,1,0,0
561,561,0,00,0,256,1,256,8,000,1,000,0,0,0,12,4,0,0,0,0,059,0,"SPECIAL_DONE",0,1,1,0,0
562,562,0,00,1,256,1,256,8,000,1,000,0,1,0,10,0,0,0,0,0,050,0,"SPECIAL_DONE",0,0,1,0,0
563,563,0,00,1,256,1,256,8,000,0,000,0,1,0,12,0,0,0,0,0,05a,0,"SPECIAL_DONE",0,1,1,0,0
564,564,0,00,1,256,1,256,8,000,0,000,0,1,0,12,0,0,0,0,0,045,0,"SPECIAL_DONE",0,1,0,0,0
565,565,0,00,0,256,1,256,8,000,0,000,0,0,1,11,0,0,0,0,0,05f,0,"SPECIAL_DONE",0,1,0,0,0
566,566,0,00,0,256,1,256,8,000,0,000,0,0,1,12,0,0,0,0,0,044,0,"SPECIAL_DONE",0,0,1,0,0
567,567,0,00,0,256,1,256,8,000,0,000,0,0,0,13,0,0,0,0,0,053,0,"SPECIAL_DONE",0,0,0,0,0
568,568,0,00,0,256,1,256,8,000,0,000,0,0,1,13,0,0,0,0,0,046,0,"SPECIAL_DONE",0,0,1,0,0
569,569,0,00,0,256,1,256,8,000,0,000,1,0,1,13,0,0,0,0,0,058,0,"SPECIAL_DONE",0,0,0,0,0
570,570,0,00,0,256,1,256,8,000,0,000,1,0,1,13,0,0,0,0,0,04a,0,"SPECIAL_DONE",0,0,1,0,0
571,571,0,00,0,256,1,256,8,000,0,000,1,0,0,12,0,0,0,0,0,04f,0,"SPECIAL_DONE",0,0,1,0,0
572,572,0,00,0,256,1,256,8,000,0,000,1,0,0,12,0,0,0,0,0,045,0,"SPECIAL_DONE",0,0,1,0,0
573,573,0,00,0,256,1,256,8,000,0,000,1,0,0,13,0,0,0,0,0,052,1,"SPECIAL_DONE",0,0,1,0,0
574,574,0,00,0,256,1,256,8,000,0,000,1,0,0,11,0,0,0,0,0,051,1,"SPECIAL_DONE",0,0,0,0,0
575,575,0,00,0,256,1,256,8,000,0,000,1,0,1,11,0,0,0,0,0,050,1,"SPECIAL_DONE",0,0,1,0,0
576,576,0,00,0,256,1,256,8,000,0,000,1,0,0,12,0,0,0,0,0,050,1,"SPECIAL_DONE",0,0,1,0,0
577,577,0,00,1,256,1,256,8,000,0,000,1,1,0,13,0,0,0,0,0,050,1,"SPECIAL_DONE",0,0,0,0,0
578,578,0,00,0,256,1,256,8,000,0,000,1,0,1,14,4,0,0,0,0,046,1,"SPECIAL_DONE",0,1,0,0,0
579,579,0,00,1,256,1,256,8,000,1,000,1,1,1,11,4,0,0,0,0,044,1,"SPECIAL_DONE",0,0,0,0,0
580,580,0,00,0,256,1,256,8,000,1,000,1,0,1,12,4,0,0,0,0,059,1,"SPECIAL_DONE",0,1,1,0,0
581,581,0,00,0,256,1,256,8,000,1,000,1,0,1,12,4,0,0,0,0,04d,1,"SPECIAL_DONE",0,0,0,0,0
582,582,0,00,0,256,1,256,8,000,1,000,1,0,1,12,4,0,0,0,0,045,1,"SPECIAL_DONE",0,0,1,0,0
583,583,0,00,0,256,1,256,8,000,1,000,1,0,0,12,4,0,0,0,0,053,1,"SPECIAL_DONE",0,0,1,0,0
584,584,0,00,0,256,1,256,8,000,1,000,1,0,0,11,4,0,0,0,0,048,1,"SPECIAL_DONE",0,0,0,0,0
585,585,0,00,0,256,1,256,8,000,1,000,0,0,1,12,4,0,0,0,0,041,1,"SPECIAL_DONE",0,0,1,0,0
586,586,0,00,0,256,1,256,8,000,1,000,0,0,0,13,4,0,0,0,0,045,1,"SPECIAL_DONE",0,0,1,0,0
587,587,0,00,0,256,1,256,8,000,1,000,0,0,1,13,4,0,0,0,0,05a,1,"SPECIAL_DONE",0,0,0,0,0
588,588,0,00,0,256,1,256,8,000,1,000,0,0,1,12,4,0,0,0,0,04a,1,"SPECIAL_DONE",0,0,1,0,0
589,589,0,00,0,256,1,256,8,000,1,000,0,0,1,11,4,0,0,0,0,044,0,"SPECIAL_DONE",0,0,0,0,0
590,590,0,00,0,256,1,256,8,000,1,000,0,0,1,13,4,0,0,0,0,059,0,"SPECIAL_DONE",0,0,1,0,0
591,591,0,00,0,256,1,256,8,000,1,000,0,0,0,14,4,0,0,0,0,053,0,"SPECIAL_DONE",0,0,1,0,0
592,592,0,00,1,256,1,256,8,000,1,000,0,1,0,12,4,0,0,0,0,053,0,"SPECIAL_DONE",0,0,1,0,0
593,593,0,00,0,256,1,256,8,000,1,000,0,0,0,12,4,0,0,0,0,059,0,"SPECIAL_DONE",0,1,1,0,0
594,594,0,00,1,256,1,256,8,000,1,000,0,1,0,10,0,0,0,0,0,050,0,"SPECIAL_DONE",0,0,1,0,0
595,595,0,00,1,256,1,256,8,000,0,000,0,1,0,12,0,0,0,0,0,05a,0,"SPECIAL_DONE",0,1,1,0,0
596,596,0,00,1,256,1,256,8,000,0,000,0,1,0,12,0,0,0,0,0,045,0,"SPECIAL_DONE",0,1,0,0,0
597,597,0,00,0,256,1,256,8,000,0,000,0,0,1,11,0,0,0,0,0,05e,0,"SPECIAL_DONE",0,1,0,0,0
598,598,0,00,0,256,1,256,8,000,0,000,0,0,1,12,0,0,0,0,0,044,0,"SPECIAL_DONE",0,0,1,0,0
599,599,0,00,0,256,1,256,8,000,0,000,0,0,0,13,0,0,0,0,0,051,0,"SPECIAL_DONE",0,0,0,0,0
600,600,0,00,0,256,1,256,8,000,0,000,0,0,1,13,0,0,0,0,0,047,0,"SPECIAL_DONE",0,0,1,0,0
601,601,0,00,0,256,1,256,8,000,0,000,1,0,1,13,0,0,0,0,0,058,0,"SPECIAL_DONE",0,0,0,0,0
602,602,0,00,0,256,1,256,8,000,0,000,1,0,1,13,0,0,0,0,0,04a,0,"SPECIAL_DONE",0,0,1,0,0
603,603,0,00,0,256,1,256,8,000,0,000,1,0,0,12,0,0,0,0,0,04f,0,"SPECIAL_DONE",0,0,1,0,0
604,604,0,00,0,256,1,256,8,000,0,000,1,0,0,12,0,0,0,0,0,045,0,"SPECIAL_DONE",0,0,1,0,0
605,605,0,00,0,256,1,256,8,000,0,2b5,1,0,0,13,0,0,0,0,0,052,1,"SPECIAL_DONE",0,0,0,0,0
606,606,0,00,1,256,1,256,8,000,0,14a,1,1,1,10,0,0,0,0,0,051,1,"SPECIAL_DONE",0,0,0,0,0
607,607,0,00,0,256,1,256,8,000,0,2b5,1,0,1,11,0,0,0,0,0,050,1,"SPECIAL_DONE",0,1,1,0,0
608,608,0,00,0,256,1,256,8,000,0,14a,1,0,0,12,0,0,0,0,0,05a,1,"SPECIAL_DONE",0,0,1,0,0
609,609,0,00,1,256,1,256,8,000,0,2b5,1,1,0,13,0,0,0,0,0,045,1,"SPECIAL_DONE",0,0,1,0,0
610,610,0,00,1,256,1,256,8,000,0,14a,1,1,0,14,4,0,0,0,0,046,1,"SPECIAL_DONE",0,1,0,0,0
611,611,0,00,1,256,1,256,8,000,1,2b5,1,1,1,11,4,0,0,0,0,045,1,"SPECIAL_DONE",0,1,0,0,0
612,612,0,00,0,256,1,256,8,000,1,14a,1,0,1,12,4,0,0,0,0,05a,1,"SPECIAL_DONE",0,1,1,0,0
613,613,0,00,0,256,1,256,8,000,1,2b5,1,0,0,12,4,0,0,0,0,04c,1,"SPECIAL_DONE",0,0,1,0,0
614,614,0,00,1,256,1,256,8,000,1,2b5,1,1,0,12,4,0,0,0,0,045,1,"SPECIAL_DONE",0,0,1,0,0
615,615,0,00,0,256,1,256,8,2b5,1,14a,1,0,0,12,4,0,0,0,0,053,1,"SPECIAL_DONE",0,1,1,0,0
616,616,0,00,0,256,1,256,8,14a,1,14a,1,0,0,11,4,0,0,0,0,048,1,"SPECIAL_DONE",0,0,0,0,0
617,617,0,00,0,256,1,256,8,2b5,1,2b5,0,0,1,12,4,0,0,0,0,041,1,"SPECIAL_DONE",0,0,0,0,0
618,618,0,00,1,256,1,256,8,14a,1,2b5,0,1,1,12,4,0,0,0,0,045,1,"SPECIAL_DONE",0,0,1,0,0
619,619,0,00,0,256,1,256,8,2b5,1,14a,0,0,0,13,4,0,0,0,0,05a,1,"SPECIAL_DONE",0,1,1,0,0
620,620,0,00,1,256,1,256,8,14a,1,14a,0,1,0,12,4,0,0,0,0,04a,1,"SPECIAL_DONE",0,0,1,0,0
621,621,0,00,0,256,1,256,8,2b5,1,2b5,0,0,0,11,4,0,0,0,0,044,0,"SPECIAL_DONE",0,1,0,0,0
622,622,0,00,0,256,1,256,8,14a,1,14a,0,0,1,13,4,0,0,0,0,059,0,"SPECIAL_DONE",0,0,1,0,0
623,623,0,00,1,256,1,256,8,2b5,1,2b5,0,1,0,14,4,0,0,0,0,053,0,"SPECIAL_DONE",0,0,1,0,0
624,624,0,00,1,256,1,256,8,2b5,1,14a,0,1,0,12,4,0,0,0,0,053,0,"SPECIAL_DONE",0,1,1,0,0
625,625,0,00,0,256,1,256,8,14a,1,2b5,0,0,0,12,4,0,0,0,0,059,0,"SPECIAL_DONE",0,1,1,0,0
626,626,0,00,1,256,1,256,8,14a,1,14a,0,1,0,10,0,0,0,0,0,050,0,"SPECIAL_DONE",0,0,1,0,0
627,627,0,00,1,256,1,256,8,2b5,0,2b5,0,1,0,12,0,0,0,0,0,050,0,"SPECIAL_DONE",0,1,1,0,0
628,628,0,00,1,256,1,256,8,2b5,0,14a,0,1,0,12,0,0,0,0,0,050,0,"SPECIAL_DONE",0,1,0,0,0
629,629,0,00,0,256,1,256,8,14a,0,2b5,0,0,1,11,0,0,0,0,0,05f,0,"SPECIAL_DONE",0,1,1,0,0
630,630,0,00,1,256,1,256,8,14a,0,2b5,0,1,0,12,0,0,0,0,0,044,0,"SPECIAL_DONE",0,0,0,0,0
631,631,0,00,1,256,1,256,8,2b5,0,14a,0,1,1,12,0,0,0,0,0,051,0,"SPECIAL_DONE",0,1,0,0,0
632,632,0,00,0,256,1,256,8,14a,0,14a,0,0,1,13,0,0,0,0,0,047,0,"SPECIAL_DONE",0,1,1,0,0
633,633,0,00,0,256,1,256,8,2b5,0,2b5,1,0,1,13,0,0,0,0,0,058,0,"SPECIAL_DONE",0,0,0,0,0
634,634,0,00,0,256,1,256,8,14a,0,2b5,1,0,1,13,0,0,0,0,0,04a,0,"SPECIAL_DONE",0,0,0,0,0
635,635,0,00,1,256,1,256,8,2b5,0,14a,1,1,1,11,0,0,0,0,0,04f,0,"SPECIAL_DONE",0,0,1,0,0
636,636,0,00,0,256,1,256,8,14a,0,14a,1,0,0,12,0,0,0,0,0,045,0,"SPECIAL_DONE",0,1,1,0,0
637,637,0,00,0,256,1,256,8,2b5,0,049,1,0,1,13,0,0,0,0,0,053,1,"SPECIAL_DONE",0,0,0,0,0
638,638,0,00,1,256,1,256,8,14a,0,04e,1,1,1,10,0,0,0,0,0,051,1,"SPECIAL_DONE",0,0,0,0,0
639,639,0,00,0,256,1,256,8,2b5,0,04c,1,0,1,11,0,0,0,0,0,050,1,"SPECIAL_DONE",0,1,1,0,0
640,640,0,00,0,256,1,256,8,2b5,0,042,1,0,0,12,0,0,0,0,0,050,1,"SPECIAL_DONE",0,0,1,0,0
641,641,0,00,1,256,1,256,8,14a,0,047,1,1,0,13,0,0,0,0,0,050,1,"SPECIAL_DONE",0,0,1,0,0
642,642,0,00,1,256,1,256,8,14a,0,054,1,1,0,14,4,0,0,0,0,046,1,"SPECIAL_DONE",0,1,0,0,0
643,643,0,00,1,256,1,256,8,2b5,1,049,1,1,1,11,4,0,0,0,0,044,1,"SPECIAL_DONE",0,1,0,0,0
644,644,0,00,0,256,1,256,8,2b5,1,04f,1,0,1,12,4,0,0,0,0,059,1,"SPECIAL_DONE",0,1,1,0,0
645,645,0,00,0,256,1,256,8,14a,1,048,1,0,0,12,4,0,0,0,0,04f,1,"SPECIAL_DONE",0,0,1,0,0
646,646,0,00,1,256,1,256,8,14a,1,04c,1,1,0,12,4,0,0,0,0,044,1,"SPECIAL_DONE",0,0,1,0,0
647,647,0,00,0,256,1,256,8,04b,1,050,1,0,0,12,4,0,0,0,0,053,1,"SPECIAL_DONE",0,1,1,0,0
648,648,0,00,0,256,1,256,8,04d,1,04c,1,0,0,11,4,0,0,0,0,048,1,"SPECIAL_DONE",0,0,0,0,0
649,649,0,00,0,256,1,256,8,054,1,049,0,0,1,12,4,0,0,0,0,041,1,"SPECIAL_DONE",0,0,0,0,0
650,650,0,00,1,256,1,256,8,048,1,048,0,1,1,12,4,0,0,0,0,045,1,"SPECIAL_DONE",0,0,1,0,0
651,651,0,00,0,256,1,256,8,04d,1,048,0,0,1,13,4,0,0,0,0,05a,1,"SPECIAL_DONE",0,1,0,0,0
652,652,0,00,0,256,1,256,8,054,1,04a,0,0,1,12,4,0,0,0,0,04a,1,"SPECIAL_DONE",0,0,1,0,0
653,653,0,00,0,256,1,256,8,04d,1,048,0,0,0,11,4,0,0,0,0,045,0,"SPECIAL_DONE",0,0,1,0,0
654,654,0,00,1,256,1,256,8,04f,1,04a,0,1,0,13,4,0,0,0,0,059,0,"SPECIAL_DONE",0,0,1,0,0
655,655,0,00,1,256,1,256,8,04c,1,04c,0,1,1,14,4,0,0,0,0,051,0,"SPECIAL_DONE",0,1,0,0,0
656,656,0,00,0,256,1,256,8,050,1,054,0,0,1,12,4,0,0,0,0,056,0,"SPECIAL_DONE",0,1,1,0,0
657,657,0,00,0,256,1,256,8,04b,1,048,0,0,0,12,4,0,0,0,0,058,0,"SPECIAL_DONE",0,0,1,0,0
658,658,0,00,1,256,1,256,8,048,1,055,0,1,0,10,0,0,0,0,0,050,0,"SPECIAL_DONE",0,0,1,0,0
659,659,0,00,1,256,1,256,8,050,0,053,0,1,0,12,0,0,0,0,0,05a,0,"SPECIAL_DONE",0,1,1,0,0
660,660,0,00,1,256,1,256,8,04c,0,07e,0,1,0,12,0,0,0,0,0,045,0,"SPECIAL_DONE",0,1,0,0,0
661,661,0,00,0,256,1,256,8,048,0,059,0,0,1,11,0,0,0,0,0,05f,0,"SPECIAL_DONE",0,1,0,0,0
662,662,0,00,0,256,1,256,8,04d,0,049,0,0,1,12,0,0,0,0,0,044,0,"SPECIAL_DONE",0,0,0,0,0
663,663,0,00,1,256,1,256,8,04c,0,044,0,1,1,12,0,0,0,0,0,051,0,"SPECIAL_DONE",0,0,0,0,0
664,664,0,00,0,256,1,256,8,04f,0,04b,0,0,1,13,0,0,0,0,0,047,0,"SPECIAL_DONE",0,1,1,0,0
665,665,0,00,0,256,1,256,8,047,0,04e,1,0,0,13,0,0,0,0,0,058,0,"SPECIAL_DONE",0,0,1,0,0
666,666,0,00,1,256,1,256,8,048,0,054,1,1,0,13,0,0,0,0,0,04a,0,"SPECIAL_DONE",0,0,0,0,0
667,667,0,00,1,256,1,256,8,04b,0,04f,1,1,1,11,0,0,0,0,0,04f,0,"SPECIAL_DONE",0,1,1,0,0
668,668,0,00,0,256,1,256,8,04a,0,04c,1,0,0,12,0,0,0,0,0,045,0,"SPECIAL_DONE",0,1,1,0,0
669,669,0,00,0,256,1,256,8,048,0,049,1,0,1,13,0,0,0,0,0,053,1,"SPECIAL_DONE",0,0,0,0,0
670,670,0,00,1,256,1,256,8,054,0,04d,1,1,1,10,0,0,0,0,0,051,1,"SPECIAL_DONE",0,0,0,0,0
671,671,0,00,0,256,1,256,8,04c,0,04b,1,0,1,11,0,0,0,0,0,051,1,"SPECIAL_DONE",0,1,1,0,0
672,672,0,00,1,256,1,256,8,044,0,043,1,1,0,12,0,0,0,0,0,050,1,"SPECIAL_DONE",0,0,0,0,0
673,673,0,00,0,256,1,256,8,04d,0,046,1,0,1,13,0,0,0,0,0,050,1,"SPECIAL_DONE",0,1,1,0,0
674,674,0,00,1,256,1,256,8,043,0,054,1,1,0,14,4,0,0,0,0,046,1,"SPECIAL_DONE",0,0,0,0,0
675,675,0,00,1,256,1,256,8,049,1,049,1,1,1,11,4,0,0,0,0,045,1,"SPECIAL_DONE",0,1,0,0,0
676,676,0,00,0,256,1,256,8,04c,1,04e,1,0,1,12,4,0,0,0,0,058,1,"SPECIAL_DONE",0,1,1,0,0
677,677,0,00,0,256,1,256,8,04c,1,048,1,0,0,12,4,0,0,0,0,04f,1,"SPECIAL_DONE",0,0,1,0,0
678,678,0,00,1,256,1,256,8,04c,1,04c,1,1,0,12,4,0,0,0,0,044,1,"SPECIAL_DONE",0,0,1,0,1
679,679,0,00,0,256,1,256,8,04a,1,050,1,0,0,12,4,0,0,0,0,053,1,"SPECIAL_DONE",0,1,1,0,1
680,680,0,00,0,256,1,256,8,04d,1,04c,1,0,0,11,4,0,0,0,0,048,1,"SPECIAL_DONE",0,0,0,0,1
681,681,0,00,0,256,1,256,8,054,1,049,0,0,1,12,4,0,0,0,0,041,1,"SPECIAL_DONE",0,0,1,0,1
682,682,0,00,0,256,1,256,8,047,1,048,0,0,0,13,4,0,0,0,0,045,1,"SPECIAL_DONE",0,0,1,0,1
683,683,0,00,0,256,1,256,8,04d,1,048,0,0,1,13,4,0,0,0,0,05a,1,"SPECIAL_DONE",0,0,0,0,1
684,684,0,00,0,256,1,256,8,053,1,04a,0,0,1,12,4,0,0,0,0,04b,1,"SPECIAL_DONE",0,0,1,0,1
685,685,0,00,0,256,1,256,8,04d,1,049,0,0,0,11,4,0,0,0,0,044,0,"SPECIAL_DONE",0,0,0,0,1
686,686,0,00,0,256,1,256,8,050,1,04a,0,0,1,13,4,0,0,0,0,059,0,"SPECIAL_DONE",0,0,1,0,1
687,687,0,00,1,256,1,256,8,04c,1,04d,0,1,0,14,4,0,0,0,0,050,0,"SPECIAL_DONE",0,0,1,0,1
688,688,0,00,1,256,1,256,8,050,1,055,0,1,0,12,4,0,0,0,0,056,0,"SPECIAL_DONE",0,1,1,0,1
689,689,0,00,0,256,1,256,8,04a,1,048,0,0,0,12,4,0,0,0,0,059,0,"SPECIAL_DONE",0,1,1,0,1
690,690,0,00,0,256,1,256,8,049,1,055,0,0,0,10,0,0,0,0,0,050,0,"SPECIAL_DONE",0,0,1,0,1
691,691,0,00,1,256,1,256,8,050,0,052,0,1,0,12,0,0,0,0,0,05a,0,"SPECIAL_DONE",0,0,1,0,1
692,692,0,00,1,256,1,256,8,04c,0,03e,0,1,0,12,0,0,0,0,0,045,0,"SPECIAL_DONE",0,1,0,0,1
693,693,0,00,0,256,1,256,8,048,0,058,0,0,1,11,0,0,0,0,0,05e,0,"SPECIAL_DONE",0,1,0,0,1
694,694,0,00,0,256,1,256,8,04d,0,04a,0,0,1,12,0,0,0,0,0,044,0,"SPECIAL_DONE",0,0,0,0,1
695,695,0,00,1,256,1,256,8,04b,0,044,0,1,1,12,0,0,0,0,0,051,0,"SPECIAL_DONE",0,0,0,0,1
696,696,0,00,0,256,1,256,8,04f,0,04b,0,0,1,13,0,0,0,0,0,047,0,"SPECIAL_DONE",0,1,1,0,1
697,697,0,00,0,256,1,256,8,047,0,04f,1,0,0,13,0,0,0,0,0,058,0,"SPECIAL_DONE",0,0,0,0,1
698,698,0,00,0,256,1,256,8,048,0,054,1,0,1,13,0,0,0,0,0,04a,0,"SPECIAL_DONE",0,0,1,0,1
699,699,0,00,0,256,1,256,8,04b,0,04f,1,0,0,12,0,0,0,0,0,04f,0,"SPECIAL_DONE",0,0,1,0,1
700,700,0,00,0,256,1,256,8,04b,0,04c,1,0,0,12,0,0,0,0,0,045,0,"SPECIAL_DONE",0,0,1,0,1
701,701,0,00,0,256,1,256,8,048,0,049,1,0,0,13,0,0,0,0,0,052,1,"SPECIAL_DONE",0,0,0,0,1
702,702,0,00,1,256,1,256,8,054,0,04d,1,1,1,10,0,0,0,0,0,051,1,"SPECIAL_DONE",0,0,0,0,1
703,703,0,00,0,256,1,256,8,04d,0,04c,1,0,1,11,0,0,0,0,0,051,1,"SPECIAL_DONE",0,1,1,0,1
704,704,0,00,1,256,1,256,8,044,0,042,1,1,0,12,0,0,0,0,0,050,1,"SPECIAL_DONE",0,0,0,0,1
705,705,0,00,0,256,1,256,8,04d,0,046,1,0,1,13,0,0,0,0,0,050,1,"SPECIAL_DONE",0,1,1,0,1
706,706,0,00,1,256,1,256,8,044,0,055,1,1,0,14,4,0,0,0,0,046,1,"SPECIAL_DONE",0,0,0,0,1
707,707,0,00,1,256,1,256,8,049,1,049,1,1,1,11,4,0,0,0,0,045,1,"SPECIAL_DONE",0,1,0,0,1
708,708,0,00,0,256,1,256,8,04c,1,04f,1,0,1,12,4,0,0,0,0,058,1,"SPECIAL_DONE",0,1,0,0,1
709,709,0,00,1,256,1,256,8,04c,1,048,1,1,1,11,4,0,0,0,0,04f,1,"SPECIAL_DONE",0,0,1,0,1
710,710,0,00,1,256,1,256,8,04c,1,04c,1,1,0,12,4,0,0,0,0,04c,1,"SPECIAL_DONE",0,1,1,0,1
711,711,0,00,0,256,1,256,8,04a,1,050,1,0,0,12,4,0,0,0,0,053,1,"SPECIAL_DONE",0,1,1,0,1
712,712,0,00,0,256,1,256,8,04d,1,04c,1,0,0,11,4,0,0,0,0,049,1,"SPECIAL_DONE",0,0,0,0,1
713,713,0,00,0,256,1,256,8,054,1,049,0,0,1,12,4,0,0,0,0,041,1,"SPECIAL_DONE",0,0,0,0,1
714,714,0,00,1,256,1,256,8,047,1,048,0,1,1,12,4,0,0,0,0,045,1,"SPECIAL_DONE",0,0,1,0,1
715,715,0,00,0,256,1,256,8,04d,1,047,0,0,1,13,4,0,0,0,0,05a,1,"SPECIAL_DONE",0,1,0,0,1
716,716,0,00,0,256,1,256,8,053,1,04a,0,0,1,12,4,0,0,0,0,04a,1,"SPECIAL_DONE",0,0,1,0,1
717,717,0,00,0,256,1,256,8,04d,1,049,0,0,0,11,4,0,0,0,0,044,0,"SPECIAL_DONE",0,0,0,0,1
718,718,0,00,0,256,1,256,8,04f,1,04a,0,0,1,13,4,0,0,0,0,059,0,"SPECIAL_DONE",0,0,1,0,1
719,719,0,00,1,256,1,256,8,04c,1,04c,0,1,0,14,4,0,0,0,0,050,0,"SPECIAL_DONE",0,0,0,0,1
720,720,0,00,0,256,1,256,8,050,1,055,0,0,1,12,4,0,0,0,0,054,0,"SPECIAL_DONE",0,1,1,0,1
721,721,0,00,0,256,1,256,8,04a,1,048,0,0,0,12,4,0,0,0,0,05c,0,"SPECIAL_DONE",0,0,1,0,1
722,722,0,00,1,256,1,256,8,049,1,055,0,1,0,10,0,0,0,0,0,05a,0,"SPECIAL_DONE",0,0,1,0,1
723,723,0,00,1,256,1,256,8,051,0,053,0,1,0,12,0,0,0,0,0,04f,0,"SPECIAL_DONE",0,1,1,0,1
724,724,0,00,1,256,1,256,8,04c,0,03e,0,1,0,12,0,0,0,0,0,045,0,"SPECIAL_DONE",0,1,0,0,1
725,725,0,00,0,256,1,256,8,048,0,058,0,0,1,11,0,0,0,0,0,05e,0,"SPECIAL_DONE",0,1,0,0,1
726,726,0,00,0,256,1,256,8,04d,0,049,0,0,1,12,0,0,0,0,0,044,0,"SPECIAL_DONE",0,0,0,0,1
727,727,0,00,1,256,1,256,8,04b,0,044,0,1,1,12,0,0,0,0,0,051,0,"SPECIAL_DONE",0,0,0,0,1
728,728,0,00,0,256,1,256,8,04f,0,04b,0,0,1,13,0,0,0,0,0,047,0,"SPECIAL_DONE",0,1,1,0,1
729,729,0,00,0,256,1,256,8,047,0,04e,1,0,0,13,0,0,0,0,0,058,0,"SPECIAL_DONE",0,0,0,0,1
730,730,0,00,0,256,1,256,8,048,0,054,1,0,1,13,0,0,0,0,0,04a,0,"SPECIAL_DONE",0,0,1,0,1
731,731,0,00,0,256,1,256,8,04b,0,050,1,0,0,12,0,0,0,0,0,04f,0,"SPECIAL_DONE",0,0,1,0,1
732,732,0,00,0,256,1,256,8,04b,0,04c,1,0,0,12,0,0,0,0,0,045,0,"SPECIAL_DONE",0,0,1,0,1
733,733,0,00,0,256,1,256,8,048,0,000,1,0,0,13,0,0,0,0,0,052,1,"SPECIAL_DONE",0,0,0,0,1
734,734,0,00,1,256,1,256,8,054,0,000,1,1,1,10,0,0,0,0,0,051,1,"SPECIAL_DONE",0,0,0,0,1
735,735,0,00,0,256,1,256,8,04d,0,000,1,0,1,11,0,0,0,0,0,051,1,"SPECIAL_DONE",0,1,1,0,1
736,736,0,00,1,256,1,256,8,044,0,000,1,1,0,12,0,0,0,0,0,050,1,"SPECIAL_DONE",0,0,0,0,1
737,737,0,00,0,256,1,256,8,04d,0,000,1,0,1,13,0,0,0,0,0,050,1,"SPECIAL_DONE",0,1,1,0,1
738,738,0,00,1,256,1,256,8,044,0,000,1,1,0,14,4,0,0,0,0,046,1,"SPECIAL_DONE",0,0,0,0,1
739,739,0,00,1,256,1,256,8,049,1,000,1,1,1,11,4,0,0,0,0,045,1,"SPECIAL_DONE",0,1,0,0,1
740,740,0,00,0,256,1,256,8,04c,1,000,1,0,1,12,4,0,0,0,0,059,1,"SPECIAL_DONE",0,1,0,0,1
741,741,0,00,1,256,1,256,8,04c,1,000,1,1,1,11,4,0,0,0,0,04f,1,"SPECIAL_DONE",0,0,0,0,1
742,742,0,00,0,256,1,256,8,04c,1,000,1,0,1,12,4,0,0,0,0,04c,1,"SPECIAL_DONE",0,1,1,0,1
743,743,0,00,0,256,1,256,8,000,1,000,1,0,0,12,4,0,0,0,0,053,1,"SPECIAL_DONE",0,0,1,0,1
744,744,0,00,0,256,1,256,8,000,1,000,1,0,0,11,4,0,0,0,0,048,1,"SPECIAL_DONE",0,0,0,0,1
745,745,0,00,0,256,1,256,8,000,1,000,0,0,1,12,4,0,0,0,0,040,1,"SPECIAL_DONE",0,0,0,0,1
746,746,0,00,1,256,1,256,8,000,1,000,0,1,1,12,4,0,0,0,0,044,1,"SPECIAL_DONE",0,0,1,0,1
747,747,0,00,0,256,1,256,8,000,1,000,0,0,1,13,4,0,0,0,0,05a,1,"SPECIAL_DONE",0,1,0,0,1
748,748,0,00,0,256,1,256,8,000,1,000,0,0,1,12,4,0,0,0,0,04a,1,"SPECIAL_DONE",0,0,1,0,1
749,749,0,00,0,256,1,256,8,000,1,000,0,0,0,11,4,0,0,0,0,044,0,"SPECIAL_DONE",0,0,0,0,1
750,750,0,00,0,256,1,256,8,000,1,000,0,0,1,13,4,0,0,0,0,059,0,"SPECIAL_DONE",0,0,1,0,1
751,751,0,00,1,256,1,256,8,000,1,000,0,1,0,14,4,0,0,0,0,051,0,"SPECIAL_DONE",0,0,0,0,1
752,752,0,00,0,256,1,256,8,000,1,000,0,0,1,12,4,0,0,0,0,054,0,"SPECIAL_DONE",0,1,1,0,1
753,753,0,00,0,256,1,256,8,000,1,000,0,0,0,12,4,0,0,0,0,05c,0,"SPECIAL_DONE",0,0,1,0,1
754,754,0,00,1,256,1,256,8,000,1,000,0,1,0,10,0,0,0,0,0,050,0,"SPECIAL_DONE",0,0,1,0,1
755,755,0,00,1,256,1,256,8,000,0,000,0,1,0,12,0,0,0,0,0,05a,0,"SPECIAL_DONE",0,1,1,0,1
756,756,0,00,1,256,1,256,8,000,0,000,0,1,0,12,0,0,0,0,0,045,0,"SPECIAL_DONE",0,1,0,0,1
757,757,0,00,0,256,1,256,8,000,0,000,0,0,1,11,0,0,0,0,0,05f,0,"SPECIAL_DONE",0,1,0,0,1
758,758,0,00,0,256,1,256,8,000,0,000,0,0,1,12,0,0,0,0,0,044,0,"SPECIAL_DONE",0,0,0,0,1
759,759,0,00,1,256,1,256,8,000,0,000,0,1,1,12,0,0,0,0,0,051,0,"SPECIAL_DONE",0,0,0,0,1
760,760,0,00,0,256,1,256,8,000,0,000,0,0,1,13,0,0,0,0,0,047,0,"SPECIAL_DONE",0,1,1,0,1
761,761,0,00,0,256,1,256,8,000,0,000,1,0,1,13,0,0,0,0,0,058,0,"SPECIAL_DONE",0,0,0,0,1
762,762,0,00,0,256,1,256,8,000,0,000,1,0,1,13,0,0,0,0,0,040,0,"SPECIAL_DONE",0,0,0,0,1
763,763,0,00,1,256,1,256,8,000,0,000,1,1,1,11,0,0,0,0,0,05a,0,"SPECIAL_DONE",0,0,1,0,1
764,764,0,00,0,256,1,256,8,000,0,000,1,0,0,12,0,0,0,0,0,045,0,"SPECIAL_DONE",0,1,1,0,1
765,765,0,00,0,256,1,256,8,000,0,000,1,0,1,13,0,0,0,0,0,052,1,"SPECIAL_DONE",0,0,0,0,1
766,766,0,00,1,256,1,256,8,000,0,000,1,1,1,10,0,0,0,0,0,051,1,"SPECIAL_DONE",0,0,1,0,1
767,767,0,00,1,256,1,256,8,000,0,000,1,1,0,11,0,0,0,0,0,05b,1,"SPECIAL_DONE",0,1,1,0,1
768,768,0,00,1,256,1,256,8,000,0,000,1,1,0,12,0,0,0,0,0,04f,1,"SPECIAL_DONE",0,1,0,0,1
769,769,0,00,0,256,1,256,8,000,0,000,1,0,1,13,0,0,0,0,0,045,1,"SPECIAL_DONE",0,1,1,0,1
770,770,0,00,1,256,1,256,8,000,0,000,1,1,0,14,4,0,0,0,0,046,1,"SPECIAL_DONE",0,0,0,0,1
771,771,0,00,1,256,1,256,8,000,1,000,1,1,1,11,4,0,0,0,0,045,1,"SPECIAL_DONE",0,1,0,0,1
772,772,0,00,0,256,1,256,8,000,1,000,1,0,1,12,4,0,0,0,0,05a,1,"SPECIAL_DONE",0,1,0,0,1
773,773,0,00,1,256,1,256,8,000,1,000,1,1,1,11,4,0,0,0,0,04e,1,"SPECIAL_DONE",0,0,1,0,1
774,774,0,00,1,256,1,256,8,000,1,000,1,1,0,12,4,0,0,0,0,044,1,"SPECIAL_DONE",0,1,1,0,1
775,775,0,00,0,256,1,256,8,000,1,000,1,0,0,12,4,0,0,0,0,053,1,"SPECIAL_DONE",0,1,1,0,1
776,776,0,00,0,256,1,256,8,000,1,000,1,0,0,11,4,0,0,0,0,048,1,"SPECIAL_DONE",0,0,0,0,1
777,777,0,00,0,256,1,256,8,000,1,000,0,0,1,12,4,0,0,0,0,040,1,"SPECIAL_DONE",0,0,0,0,1
778,778,0,00,1,256,1,256,8,000,1,000,0,1,1,12,4,0,0,0,0,045,1,"SPECIAL_DONE",0,0,1,0,1
779,779,0,00,0,256,1,256,8,000,1,000,0,0,1,13,4,0,0,0,0,05a,1,"SPECIAL_DONE",0,1,0,0,1
780,780,0,00,0,256,1,256,8,000,1,000,0,0,1,12,4,0,0,0,0,04a,1,"SPECIAL_DONE",0,0,1,0,1
781,781,0,00,1,256,1,256,8,000,1,000,0,1,0,11,4,0,0,0,0,044,0,"SPECIAL_DONE",0,0,1,0,1
782,782,0,00,1,256,1,256,8,000,1,000,0,1,0,13,4,0,0,0,0,059,0,"SPECIAL_DONE",0,1,1,0,1
783,783,0,00,1,256,1,256,8,000,1,000,0,1,0,14,4,0,0,0,0,050,0,"SPECIAL_DONE",0,1,0,0,1
784,784,0,00,0,256,1,256,8,000,1,000,0,0,1,12,4,0,0,0,0,054,0,"SPECIAL_DONE",0,1,1,0,1
785,785,0,00,0,256,1,256,8,000,1,000,0,0,0,12,4,0,0,0,0,05c,0,"SPECIAL_DONE",0,0,1,0,1
786,786,0,00,1,256,1,256,8,000,1,000,0,1,0,10,0,0,0,0,0,050,0,"SPECIAL_DONE",0,0,1,0,1
787,787,0,00,1,256,1,256,8,000,0,000,0,1,0,12,0,0,0,0,0,05a,0,"SPECIAL_DONE",0,1,1,0,1
788,788,0,00,1,256,1,256,8,000,0,000,0,1,0,12,0,0,0,0,0,045,0,"SPECIAL_DONE",0,1,0,0,1
789,789,0,00,0,256,1,256,8,000,0,000,0,0,1,11,0,0,0,0,0,05f,0,"SPECIAL_DONE",0,1,0,0,1
790,790,0,00,0,256,1,256,8,000,0,000,0,0,1,12,0,0,0,0,0,045,0,"SPECIAL_DONE",0,0,0,0,1
791,791,0,00,1,256,1,256,8,000,0,000,0,1,1,12,0,0,0,0,0,053,0,"SPECIAL_DONE",0,0,0,0,1
792,792,0,00,0,256,1,256,8,000,0,000,0,0,1,13,0,0,0,0,0,046,0,"SPECIAL_DONE",0,1,1,0,1
793,793,0,00,0,256,1,256,8,000,0,000,1,0,0,13,0,0,0,0,0,058,0,"SPECIAL_DONE",0,0,0,0,1
794,794,0,00,0,256,1,256,8,000,0,000,1,0,1,13,0,0,0,0,0,04a,0,"SPECIAL_DONE",0,0,0,0,1
795,795,0,00,1,256,1,256,8,000,0,000,1,1,1,11,0,0,0,0,0,04f,0,"SPECIAL_DONE",0,0,0,0,1
796,796,0,00,1,256,1,256,8,000,0,000,1,1,1,11,0,0,0,0,0,045,0,"SPECIAL_DONE",0,1,1,0,1
797,797,0,00,0,256,1,256,8,000,0,000,1,0,1,13,0,0,0,0,0,052,1,"SPECIAL_DONE",0,1,0,0,1
798,798,0,00,1,256,1,256,8,000,0,000,1,1,1,10,0,0,0,0,0,051,1,"SPECIAL_DONE",0,0,0,0,1
799,799,0,00,0,256,1,256,8,000,0,000,1,0,1,11,0,0,0,0,0,05b,1,"SPECIAL_DONE",0,1,1,0,1
800,800,0,00,0,256,1,256,8,000,0,000,1,0,0,12,0,0,0,0,0,04f,1,"SPECIAL_DONE",0,0,0,0,1
801,801,0,00,0,256,1,256,8,000,0,000,1,0,1,13,0,0,0,0,0,045,1,"SPECIAL_DONE",0,0,1,0,1
802,802,0,00,1,256,1,256,8,000,0,000,1,1,0,14,4,0,0,0,0,046,1,"SPECIAL_DONE",0,0,0,0,1
803,803,0,00,1,256,1,256,8,000,1,000,1,1,1,11,4,0,0,0,0,045,1,"SPECIAL_DONE",0,1,0,0,1
804,804,0,00,0,256,1,256,8,000,1,000,1,0,1,12,4,0,0,0,0,059,1,"SPECIAL_DONE",0,1,0,0,1
805,805,0,00,1,256,1,256,8,000,1,000,1,1,1,11,4,0,0,0,0,04d,1,"SPECIAL_DONE",0,0,1,0,1
806,806,0,00,1,256,1,256,8,000,1,000,1,1,0,12,4,0,0,0,0,045,1,"SPECIAL_DONE",0,1,1,0,0
807,807,0,00,0,256,1,256,8,000,1,000,1,0,0,12,4,0,0,0,0,053,1,"SPECIAL_DONE",0,1,1,0,0
808,808,0,00,0,256,1,256,8,000,1,000,1,0,0,11,4,0,0,0,0,049,1,"SPECIAL_DONE",0,0,0,0,0
809,809,0,00,0,256,1,256,8,000,1,000,0,0,1,12,4,0,0,0,0,040,1,"SPECIAL_DONE",0,0,0,0,0
810,810,0,00,1,256,1,256,8,000,1,000,0,1,1,12,4,0,0,0,0,045,1,"SPECIAL_DONE",0,0,1,0,0
811,811,0,00,0,256,1,256,8,000,1,000,0,0,0,13,4,0,0,0,0,05a,1,"SPECIAL_DONE",0,1,1,0,0
812,812,0,00,1,256,1,256,8,000,1,000,0,1,0,12,4,0,0,0,0,04a,1,"SPECIAL_DONE",0,0,1,0,0
813,813,0,00,0,256,1,256,8,000,1,000,0,0,0,11,4,0,0,0,0,045,0,"SPECIAL_DONE",0,1,1,0,0
814,814,0,00,1,256,1,256,8,000,1,000,0,1,0,13,4,0,0,0,0,059,0,"SPECIAL_DONE",0,0,1,0,0
815,815,0,00,1,256,1,256,8,000,1,000,0,1,0,14,4,0,0,0,0,052,0,"SPECIAL_DONE",0,1,0,0,0
816,816,0,00,0,256,1,256,8,000,1,000,0,0,1,12,4,0,0,0,0,051,0,"SPECIAL_DONE",0,1,1,0,0
817,817,0,00,0,256,1,256,8,000,1,000,0,0,0,12,4,0,0,0,0,05c,0,"SPECIAL_DONE",0,0,1,0,0
818,818,0,00,1,256,1,256,8,000,1,000,0,1,0,10,0,0,0,0,0,050,0,"SPECIAL_DONE",0,0,0,0,0
819,819,0,00,0,256,1,256,8,000,0,000,0,0,1,12,0,0,0,0,0,05a,0,"SPECIAL_DONE",0,1,1,0,0
820,820,0,00,1,256,1,256,8,000,0,000,0,1,0,12,0,0,0,0,0,045,0,"SPECIAL_DONE",0,0,0,0,0
821,821,0,00,0,256,1,256,8,000,0,000,0,0,1,11,0,0,0,0,0,05f,0,"SPECIAL_DONE",0,1,1,0,0
822,822,0,00,1,256,1,256,8,000,0,000,0,1,0,12,0,0,0,0,0,044,0,"SPECIAL_DONE",0,0,0,0,0
823,823,0,00,1,256,1,256,8,000,0,000,0,1,1,12,0,0,0,0,0,052,0,"SPECIAL_DONE",0,1,0,0,0
824,824,0,00,0,256,1,256,8,000,0,000,0,0,1,13,0,0,0,0,0,046,0,"SPECIAL_DONE",0,1,1,0,0
825,825,0,00,0,256,1,256,8,000,0,000,1,0,0,13,0,0,0,0,0,059,0,"SPECIAL_DONE",0,0,1,0,0
826,826,0,00,1,256,1,256,8,000,0,000,1,1,0,13,0,0,0,0,0,04b,0,"SPECIAL_DONE",0,0,0,0,0
827,827,0,00,1,256,1,256,8,000,0,000,1,1,1,11,0,0,0,0,0,04f,0,"SPECIAL_DONE",0,1,0,0,0
828,828,0,00,1,256,1,256,8,000,0,000,1,1,1,11,0,0,0,0,0,045,0,"SPECIAL_DONE",0,1,1,0,0
829,829,0,00,0,256,1,256,8,000,0,000,1,0,1,13,0,0,0,0,0,052,1,"SPECIAL_DONE",0,1,0,0,0
830,830,0,00,1,256,1,256,8,000,0,000,1,1,1,10,0,0,0,0,0,050,1,"SPECIAL_DONE",0,0,0,0,0
831,831,0,00,0,256,1,256,8,000,0,000,1,0,1,11,0,0,0,0,0,051,1,"SPECIAL_DONE",0,1,1,0,0
832,832,0,00,0,256,1,256,8,000,0,000,1,0,0,12,0,0,0,0,0,05a,1,"SPECIAL_DONE",0,0,1,0,0
833,833,0,00,1,256,1,256,8,000,0,000,1,1,0,13,0,0,0,0,0,045,1,"SPECIAL_DONE",0,0,1,0,0
834,834,0,00,1,256,1,256,8,000,0,000,1,1,0,14,4,0,0,0,0,046,1,"SPECIAL_DONE",0,1,0,0,0
835,835,0,00,1,256,1,256,8,000,1,000,1,1,1,11,4,0,0,0,0,044,1,"SPECIAL_DONE",0,1,0,0,0
836,836,0,00,0,256,1,256,8,000,1,000,1,0,1,12,4,0,0,0,0,058,1,"SPECIAL_DONE",0,1,0,0,0
837,837,0,00,1,256,1,256,8,000,1,000,1,1,1,11,4,0,0,0,0,04d,1,"SPECIAL_DONE",0,0,0,0,0
838,838,0,00,0,256,1,256,8,000,1,000,1,0,1,12,4,0,0,0,0,045,1,"SPECIAL_DONE",0,1,1,0,0
839,839,0,00,0,256,1,256,8,000,1,000,1,0,0,12,4,0,0,0,0,053,1,"SPECIAL_DONE",0,0,1,0,0
840,840,0,00,0,256,1,256,8,000,1,000,1,0,0,11,4,0,0,0,0,048,1,"SPECIAL_DONE",0,0,0,0,0
841,841,0,00,0,256,1,256,8,000,1,000,0,0,1,12,4,0,0,0,0,041,1,"SPECIAL_DONE",0,0,0,0,0
842,842,0,00,1,256,1,256,8,000,1,000,0,1,1,12,4,0,0,0,0,045,1,"SPECIAL_DONE",0,0,1,0,0
843,843,0,00,0,256,1,256,8,000,1,000,0,0,0,13,4,0,0,0,0,05a,1,"SPECIAL_DONE",0,1,1,0,0
844,844,0,00,1,256,1,256,8,000,1,000,0,1,0,12,4,0,0,0,0,04b,1,"SPECIAL_DONE",0,0,1,0,0
845,845,0,00,0,256,1,256,8,000,1,000,0,0,0,11,4,0,0,0,0,044,0,"SPECIAL_DONE",0,1,1,0,0
846,846,0,00,1,256,1,256,8,000,1,000,0,1,0,13,4,0,0,0,0,059,0,"SPECIAL_DONE",0,0,1,0,0
847,847,0,00,0,256,1,256,8,000,1,000,0,0,0,14,4,0,0,0,0,052,0,"SPECIAL_DONE",0,1,0,0,0
848,848,0,00,0,256,1,256,8,000,1,000,0,0,1,12,4,0,0,0,0,053,0,"SPECIAL_DONE",0,0,1,0,0
849,849,0,00,0,256,1,256,8,000,1,000,0,0,0,12,4,0,0,0,0,059,0,"SPECIAL_DONE",0,0,1,0,0
850,850,0,00,1,256,1,256,8,000,1,000,0,1,0,10,0,0,0,0,0,050,0,"SPECIAL_DONE",0,0,1,0,0
851,851,0,00,1,256,1,256,8,000,0,000,0,1,0,12,0,0,0,0,0,05a,0,"SPECIAL_DONE",0,1,1,0,0
852,852,0,00,1,256,1,256,8,000,0,000,0,1,0,12,0,0,0,0,0,045,0,"SPECIAL_DONE",0,1,0,0,0
853,853,0,00,0,256,1,256,8,000,0,000,0,0,1,11,0,0,0,0,0,05f,0,"SPECIAL_DONE",0,1,1,0,0
854,854,0,00,1,256,1,256,8,000,0,000,0,1,0,12,0,0,0,0,0,044,0,"SPECIAL_DONE",0,0,0,0,0
855,855,0,00,1,256,1,256,8,000,0,000,0,1,1,12,0,0,0,0,0,053,0,"SPECIAL_DONE",0,1,0,0,0
856,856,0,00,0,256,1,256,8,000,0,000,0,0,1,13,0,0,0,0,0,046,0,"SPECIAL_DONE",0,1,1,0,0
857,857,0,00,0,256,1,256,8,000,0,000,1,0,0,13,0,0,0,0,0,059,0,"SPECIAL_DONE",0,0,1,0,0
858,858,0,00,1,256,1,256,8,000,0,000,1,1,0,13,0,0,0,0,0,04a,0,"SPECIAL_DONE",0,0,1,0,0
859,859,0,00,0,256,1,256,8,000,0,000,1,0,1,12,0,0,0,0,0,04f,0,"SPECIAL_DONE",0,1,0,0,0
860,860,0,00,1,256,1,256,8,000,0,000,1,1,1,11,0,0,0,0,0,044,0,"SPECIAL_DONE",0,0,1,0,0
861,861,0,00,0,256,1,256,8,000,0,2b5,1,0,1,13,0,0,0,0,0,052,1,"SPECIAL_DONE",0,1,0,0,0
862,862,0,00,1,256,1,256,8,000,0,14a,1,1,1,10,0,0,0,0,0,050,1,"SPECIAL_DONE",0,0,0,0,0
863,863,0,00,0,256,1,256,8,000,0,2b5,1,0,1,11,0,0,0,0,0,051,1,"SPECIAL_DONE",0,1,1,0,0
864,864,0,00,1,256,1,256,8,000,0,14a,1,1,0,12,0,0,0,0,0,05a,1,"SPECIAL_DONE",0,0,1,0,0
865,865,0,00,1,256,1,256,8,000,0,2b5,1,1,0,13,0,0,0,0,0,045,1,"SPECIAL_DONE",0,1,1,0,0
866,866,0,00,1,256,1,256,8,000,0,14a,1,1,0,14,4,0,0,0,0,046,1,"SPECIAL_DONE",0,1,0,0,0
867,867,0,00,1,256,1,256,8,000,1,2b5,1,1,1,11,4,0,0,0,0,044,1,"SPECIAL_DONE",0,1,0,0,0
868,868,0,00,0,256,1,256,8,000,1,14a,1,0,1,12,4,0,0,0,0,058,1,"SPECIAL_DONE",0,1,0,0,0
869,869,0,00,1,256,1,256,8,000,1,2b5,1,1,1,11,4,0,0,0,0,04d,1,"SPECIAL_DONE",0,0,0,0,0
870,870,0,00,0,256,1,256,8,000,1,2b5,1,0,1,12,4,0,0,0,0,045,1,"SPECIAL_DONE",0,1,1,0,0
871,871,0,00,0,256,1,256,8,2b5,1,14a,1,0,0,12,4,0,0,0,0,053,1,"SPECIAL_DONE",0,0,1,0,0
872,872,0,00,0,256,1,256,8,14a,1,14a,1,0,0,11,4,0,0,0,0,048,1,"SPECIAL_DONE",0,0,0,0,0
873,873,0,00,0,256,1,256,8,2b5,1,2b5,0,0,1,12,4,0,0,0,0,041,1,"SPECIAL_DONE",0,0,0,0,0
874,874,0,00,1,256,1,256,8,14a,1,2b5,0,1,1,12,4,0,0,0,0,045,1,"SPECIAL_DONE",0,0,1,0,0
875,875,0,00,0,256,1,256,8,2b5,1,14a,0,0,1,13,4,0,0,0,0,05a,1,"SPECIAL_DONE",0,1,0,0,0
876,876,0,00,0,256,1,256,8,14a,1,14a,0,0,1,12,4,0,0,0,0,04a,1,"SPECIAL_DONE",0,0,1,0,0
877,877,0,00,0,256,1,256,8,2b5,1,2b5,0,0,0,11,4,0,0,0,0,044,0,"SPECIAL_DONE",0,0,0,0,0
878,878,0,00,0,256,1,256,8,14a,1,14a,0,0,1,13,4,0,0,0,0,059,0,"SPECIAL_DONE",0,0,1,0,0
879,879,0,00,0,256,1,256,8,2b5,1,2b5,0,0,0,14,4,0,0,0,0,050,0,"SPECIAL_DONE",0,0,1,0,0
880,880,0,00,1,256,1,256,8,2b5,1,14a,0,1,0,12,4,0,0,0,0,054,0,"SPECIAL_DONE",0,0,1,0,0
881,881,0,00,0,256,1,256,8,14a,1,2b5,0,0,0,12,4,0,0,0,0,05c,0,"SPECIAL_DONE",0,1,1,0,0
882,882,0,00,1,256,1,256,8,14a,1,14a,0,1,0,10,0,0,0,0,0,051,0,"SPECIAL_DONE",0,0,0,0,0
883,883,0,00,0,256,1,256,8,2b5,0,2b5,0,0,1,12,0,0,0,0,0,05a,0,"SPECIAL_DONE",0,1,1,0,0
884,884,0,00,1,256,1,256,8,2b5,0,14a,0,1,0,12,0,0,0,0,0,045,0,"SPECIAL_DONE",0,0,0,0,0
885,885,0,00,0,256,1,256,8,14a,0,2b5,0,0,1,11,0,0,0,0,0,05f,0,"SPECIAL_DONE",0,1,0,0,0
886,886,0,00,0,256,1,256,8,14a,0,2b5,0,0,1,12,0,0,0,0,0,044,0,"SPECIAL_DONE",0,0,0,0,0
887,887,0,00,1,256,1,256,8,2b5,0,14a,0,1,1,12,0,0,0,0,0,053,0,"SPECIAL_DONE",0,0,0,0,0
888,888,0,00,0,256,1,256,8,14a,0,14a,0,0,1,13,0,0,0,0,0,046,0,"SPECIAL_DONE",0,1,1,0,0
889,889,0,00,0,256,1,256,8,2b5,0,2b5,1,0,0,13,0,0,0,0,0,058,0,"SPECIAL_DONE",0,0,0,0,0
890,890,0,00,0,256,1,256,8,14a,0,2b5,1,0,1,13,0,0,0,0,0,04b,0,"SPECIAL_DONE",0,0,1,0,0
891,891,0,00,0,256,1,256,8,2b5,0,14a,1,0,0,12,0,0,0,0,0,04f,0,"SPECIAL_DONE",0,0,1,0,0
892,892,0,00,0,256,1,256,8,14a,0,14a,1,0,0,12,0,0,0,0,0,045,0,"SPECIAL_DONE",0,0,1,0,0
893,893,0,00,0,256,1,256,8,2b5,0,049,1,0,0,13,0,0,0,0,0,052,1,"SPECIAL_DONE",0,0,0,0,0
894,894,0,00,0,256,1,256,8,14a,0,04d,1,0,1,10,0,0,0,0,0,051,1,"SPECIAL_DONE",0,0,0,0,0
895,895,0,00,0,256,1,256,8,2b5,0,04b,1,0,1,11,0,0,0,0,0,051,1,"SPECIAL_DONE",0,0,1,0,0
896,896,0,00,1,256,1,256,8,2b5,0,042,1,1,0,12,0,0,0,0,0,050,1,"SPECIAL_DONE",0,0,0,0,0
897,897,0,00,0,256,1,256,8,14a,0,046,1,0,1,13,0,0,0,0,0,050,1,"SPECIAL_DONE",0,1,0,0,0
898,898,0,00,0,256,1,256,8,14a,0,054,1,0,1,14,4,0,0,0,0,046,1,"SPECIAL_DONE",0,0,1,0,0
899,899,0,00,0,256,1,256,8,2b5,1,049,1,0,0,12,4,0,0,0,0,045,1,"SPECIAL_DONE",0,0,0,0,0
900,900,0,00,0,256,1,256,8,2b5,1,04f,1,0,1,12,4,0,0,0,0,05a,1,"SPECIAL_DONE",0,0,0,0,0
901,901,0,00,1,256,1,256,8,14a,1,048,1,1,1,11,4,0,0,0,0,04c,1,"SPECIAL_DONE",0,0,0,0,0
902,902,0,00,0,256,1,256,8,14a,1,04c,1,0,1,12,4,0,0,0,0,045,1,"SPECIAL_DONE",0,1,1,0,0
903,903,0,00,0,256,1,256,8,04a,1,050,1,0,0,12,4,0,0,0,0,053,1,"SPECIAL_DONE",0,0,1,0,0
904,904,0,00,0,256,1,256,8,04d,1,04c,1,0,0,11,4,0,0,0,0,048,1,"SPECIAL_DONE",0,0,0,0,0
905,905,0,00,0,256,1,256,8,053,1,049,0,0,1,12,4,0,0,0,0,040,1,"SPECIAL_DONE",0,0,0,0,0
906,906,0,00,1,256,1,256,8,047,1,049,0,1,1,12,4,0,0,0,0,045,1,"SPECIAL_DONE",0,0,1,0,0
907,907,0,00,0,256,1,256,8,04c,1,048,0,0,0,13,4,0,0,0,0,05a,1,"SPECIAL_DONE",0,1,1,0,0
908,908,0,00,1,256,1,256,8,054,1,04a,0,1,0,12,4,0,0,0,0,04a,1,"SPECIAL_DONE",0,0,1,0,0
909,909,0,00,0,256,1,256,8,04d,1,049,0,0,0,11,4,0,0,0,0,044,0,"SPECIAL_DONE",0,1,0,0,0
910,910,0,00,0,256,1,256,8,04f,1,04a,0,0,1,13,4,0,0,0,0,059,0,"SPECIAL_DONE",0,0,1,0,0
911,911,0,00,0,256,1,256,8,04c,1,04c,0,0,0,14,4,0,0,0,0,051,0,"SPECIAL_DONE",0,0,0,0,0
912,912,0,00,0,256,1,256,8,050,1,055,0,0,1,12,4,0,0,0,0,056,0,"SPECIAL_DONE",0,0,1,0,0
913,913,0,00,0,256,1,256,8,04a,1,047,0,0,0,12,4,0,0,0,0,059,0,"SPECIAL_DONE",0,0,1,0,0
914,914,0,00,1,256,1,256,8,048,1,056,0,1,0,10,0,0,0,0,0,050,0,"SPECIAL_DONE",0,0,0,0,0
915,915,0,00,0,256,1,256,8,050,0,053,0,0,1,12,0,0,0,0,0,05a,0,"SPECIAL_DONE",0,1,1,0,0
916,916,0,00,1,256,1,256,8,04c,0,07e,0,1,0,12,0,0,0,0,0,045,0,"SPECIAL_DONE",0,0,0,0,0
917,917,0,00,0,256,1,256,8,048,0,059,0,0,1,11,0,0,0,0,0,05f,0,"SPECIAL_DONE",0,1,0,0,0
918,918,0,00,0,256,1,256,8,04d,0,04a,0,0,1,12,0,0,0,0,0,044,0,"SPECIAL_DONE",0,0,0,0,0
919,919,0,00,1,256,1,256,8,04c,0,044,0,1,1,12,0,0,0,0,0,053,0,"SPECIAL_DONE",0,0,0,0,0
920,920,0,00,0,256,1,256,8,04f,0,04b,0,0,1,13,0,0,0,0,0,046,0,"SPECIAL_DONE",0,1,1,0,0
921,921,0,00,1,256,1,256,8,047,0,04f,1,1,0,13,0,0,0,0,0,058,0,"SPECIAL_DONE",0,0,0,0,0
922,922,0,00,0,256,1,256,8,048,0,054,1,0,1,13,0,0,0,0,0,04a,0,"SPECIAL_DONE",0,1,1,0,0
923,923,0,00,0,256,1,256,8,04c,0,04f,1,0,0,12,0,0,0,0,0,04e,0,"SPECIAL_DONE",0,0,1,0,0
924,924,0,00,0,256,1,256,8,04a,0,04c,1,0,0,12,0,0,0,0,0,045,0,"SPECIAL_DONE",0,0,1,0,0
925,925,0,00,0,256,1,256,8,048,0,049,1,0,0,13,0,0,0,0,0,052,1,"SPECIAL_DONE",0,0,0,0,0
926,926,0,00,1,256,1,256,8,054,0,04d,1,1,1,10,0,0,0,0,0,051,1,"SPECIAL_DONE",0,0,0,0,0
927,927,0,00,0,256,1,256,8,04c,0,04b,1,0,1,11,0,0,0,0,0,051,1,"SPECIAL_DONE",0,1,1,0,0
928,928,0,00,0,256,1,256,8,044,0,042,1,0,0,12,0,0,0,0,0,050,1,"SPECIAL_DONE",0,0,0,0,0
929,929,0,00,0,256,1,256,8,04d,0,046,1,0,1,13,0,0,0,0,0,050,1,"SPECIAL_DONE",0,0,0,0,0
930,930,0,00,0,256,1,256,8,044,0,054,1,0,1,14,4,0,0,0,0,046,1,"SPECIAL_DONE",0,0,0,0,0
931,931,0,00,1,256,1,256,8,049,1,049,1,1,1,11,4,0,0,0,0,045,1,"SPECIAL_DONE",0,0,0,0,0
932,932,0,00,0,256,1,256,8,04d,1,04f,1,0,1,12,4,0,0,0,0,058,1,"SPECIAL_DONE",0,1,1,0,0
933,933,0,00,0,256,1,256,8,04d,1,048,1,0,1,12,4,0,0,0,0,04d,1,"SPECIAL_DONE",0,0,0,0,0
934,934,0,00,0,256,1,256,8,04b,1,04c,1,0,1,12,4,0,0,0,0,045,1,"SPECIAL_DONE",0,0,1,0,1
935,935,0,00,0,256,1,256,8,04a,1,050,1,0,0,12,4,0,0,0,0,053,1,"SPECIAL_DONE",0,0,1,0,1
936,936,0,00,0,256,1,256,8,04e,1,04c,1,0,0,11,4,0,0,0,0,048,1,"SPECIAL_DONE",0,0,0,0,1
937,937,0,00,0,256,1,256,8,053,1,049,0,0,1,12,4,0,0,0,0,041,1,"SPECIAL_DONE",0,0,1,0,1
938,938,0,00,0,256,1,256,8,047,1,048,0,0,0,13,4,0,0,0,0,045,1,"SPECIAL_DONE",0,0,1,0,1
939,939,0,00,0,256,1,256,8,04c,1,048,0,0,0,13,4,0,0,0,0,05a,1,"SPECIAL_DONE",0,0,1,0,1
940,940,0,00,1,256,1,256,8,054,1,04a,0,1,0,12,4,0,0,0,0,04a,1,"SPECIAL_DONE",0,0,1,0,1
941,941,0,00,0,256,1,256,8,04d,1,048,0,0,0,11,4,0,0,0,0,044,0,"SPECIAL_DONE",0,1,0,0,1
942,942,0,00,0,256,1,256,8,04f,1,04a,0,0,1,13,4,0,0,0,0,059,0,"SPECIAL_DONE",0,0,1,0,1
943,943,0,00,0,256,1,256,8,04c,1,04d,0,0,0,14,4,0,0,0,0,051,0,"SPECIAL_DONE",0,0,0,0,1
944,944,0,00,0,256,1,256,8,050,1,055,0,0,1,12,4,0,0,0,0,056,0,"SPECIAL_DONE",0,0,1,0,1
945,945,0,00,1,256,1,256,8,04a,1,047,0,1,0,12,4,0,0,0,0,059,0,"SPECIAL_DONE",0,0,1,0,1
946,946,0,00,1,256,1,256,8,049,1,055,0,1,0,10,0,0,0,0,0,050,0,"SPECIAL_DONE",0,1,1,0,1
947,947,0,00,1,256,1,256,8,051,0,053,0,1,0,12,0,0,0,0,0,05a,0,"SPECIAL_DONE",0,1,1,0,1
948,948,0,00,1,256,1,256,8,04a,0,03e,0,1,0,12,0,0,0,0,0,045,0,"SPECIAL_DONE",0,1,1,0,1
949,949,0,00,1,256,1,256,8,048,0,059,0,1,0,11,0,0,0,0,0,05e,0,"SPECIAL_DONE",0,1,0,0,1
950,950,0,00,0,256,1,256,8,04d,0,04a,0,0,1,12,0,0,0,0,0,044,0,"SPECIAL_DONE",0,1,0,0,1
951,951,0,00,1,256,1,256,8,04c,0,044,0,1,1,12,0,0,0,0,0,051,0,"SPECIAL_DONE",0,0,0,0,1
952,952,0,00,0,256,1,256,8,050,0,04b,0,0,1,13,0,0,0,0,0,047,0,"SPECIAL_DONE",0,1,1,0,1
953,953,0,00,1,256,1,256,8,047,0,04f,1,1,0,13,0,0,0,0,0,058,0,"SPECIAL_DONE",0,0,1,0,1
954,954,0,00,1,256,1,256,8,048,0,054,1,1,0,13,0,0,0,0,0,04a,0,"SPECIAL_DONE",0,1,0,0,1
955,955,0,00,1,256,1,256,8,04c,0,04f,1,1,1,11,0,0,0,0,0,04f,0,"SPECIAL_DONE",0,1,1,0,1
956,956,0,00,0,256,1,256,8,04a,0,04c,1,0,0,12,0,0,0,0,0,045,0,"SPECIAL_DONE",0,1,1,0,1
957,957,0,00,0,256,1,256,8,048,0,049,1,0,1,13,0,0,0,0,0,052,1,"SPECIAL_DONE",0,0,0,0,1
958,958,0,00,1,256,1,256,8,054,0,04e,1,1,1,10,0,0,0,0,0,050,1,"SPECIAL_DONE",0,0,0,0,1
959,959,0,00,0,256,1,256,8,04d,0,04c,1,0,1,11,0,0,0,0,0,051,1,"SPECIAL_DONE",0,1,1,0,1
960,960,0,00,1,256,1,256,8,044,0,043,1,1,0,12,0,0,0,0,0,050,1,"SPECIAL_DONE",0,0,0,0,1
961,961,0,00,0,256,1,256,8,04d,0,046,1,0,1,13,0,0,0,0,0,050,1,"SPECIAL_DONE",0,1,0,0,1
962,962,0,00,0,256,1,256,8,044,0,054,1,0,1,14,4,0,0,0,0,046,1,"SPECIAL_DONE",0,0,0,0,1
963,963,0,00,1,256,1,256,8,049,1,049,1,1,1,11,4,0,0,0,0,045,1,"SPECIAL_DONE",0,0,0,0,1
964,964,0,00,0,256,1,256,8,04d,1,04f,1,0,1,12,4,0,0,0,0,05b,1,"SPECIAL_DONE",0,1,1,0,1
965,965,0,00,0,256,1,256,8,04c,1,048,1,0,1,12,4,0,0,0,0,04e,1,"SPECIAL_DONE",0,0,0,0,1
966,966,0,00,0,256,1,256,8,04b,1,04c,1,0,1,12,4,0,0,0,0,044,1,"SPECIAL_DONE",0,0,1,0,1
967,967,0,00,0,256,1,256,8,04a,1,050,1,0,0,12,4,0,0,0,0,053,1,"SPECIAL_DONE",0,0,1,0,1
968,968,0,00,0,256,1,256,8,04e,1,04b,1,0,0,11,4,0,0,0,0,048,1,"SPECIAL_DONE",0,0,0,0,1
969,969,0,00,0,256,1,256,8,054,1,049,0,0,1,12,4,0,0,0,0,040,1,"SPECIAL_DONE",0,0,0,0,1
970,970,0,00,1,256,1,256,8,047,1,048,0,1,1,12,4,0,0,0,0,045,1,"SPECIAL_DONE",0,0,1,0,1
971,971,0,00,0,256,1,256,8,04c,1,048,0,0,0,13,4,0,0,0,0,05a,1,"SPECIAL_DONE",0,1,1,0,1
972,972,0,00,1,256,1,256,8,054,1,04a,0,1,0,12,4,0,0,0,0,04a,1,"SPECIAL_DONE",0,0,1,0,1
973,973,0,00,0,256,1,256,8,04d,1,048,0,0,0,11,4,0,0,0,0,044,0,"SPECIAL_DONE",0,1,0,0,1
974,974,0,00,0,256,1,256,8,04e,1,04a,0,0,1,13,4,0,0,0,0,059,0,"SPECIAL_DONE",0,0,1,0,1
975,975,0,00,1,256,1,256,8,04c,1,04c,0,1,0,14,4,0,0,0,0,051,0,"SPECIAL_DONE",0,0,0,0,1
976,976,0,00,0,256,1,256,8,050,1,055,0,0,1,12,4,0,0,0,0,054,0,"SPECIAL_DONE",0,1,1,0,1
977,977,0,00,0,256,1,256,8,04a,1,048,0,0,0,12,4,0,0,0,0,05c,0,"SPECIAL_DONE",0,0,1,0,1
978,978,0,00,0,256,1,256,8,049,1,055,0,0,0,10,0,0,0,0,0,05a,0,"SPECIAL_DONE",0,0,0,0,1
979,979,0,00,0,256,1,256,8,050,0,052,0,0,1,12,0,0,0,0,0,04f,0,"SPECIAL_DONE",0,0,1,0,1
980,980,0,00,1,256,1,256,8,04a,0,03e,0,1,0,12,0,0,0,0,0,045,0,"SPECIAL_DONE",0,0,0,0,1
981,981,0,00,0,256,1,256,8,048,0,059,0,0,1,11,0,0,0,0,0,05e,0,"SPECIAL_DONE",0,1,0,0,1
982,982,0,00,0,256,1,256,8,04d,0,049,0,0,1,12,0,0,0,0,0,044,0,"SPECIAL_DONE",0,0,0,0,1
983,983,0,00,1,256,1,256,8,04c,0,044,0,1,1,12,0,0,0,0,0,053,0,"SPECIAL_DONE",0,0,0,0,1
984,984,0,00,0,256,1,256,8,050,0,04b,0,0,1,13,0,0,0,0,0,046,0,"SPECIAL_DONE",0,1,1,0,1
985,985,0,00,0,256,1,256,8,047,0,04f,1,0,0,13,0,0,0,0,0,058,0,"SPECIAL_DONE",0,0,1,0,1
986,986,0,00,1,256,1,256,8,048,0,054,1,1,0,13,0,0,0,0,0,04b,0,"SPECIAL_DONE",0,0,1,0,1
987,987,0,00,0,256,1,256,8,04b,0,04f,1,0,0,12,0,0,0,0,0,04f,0,"SPECIAL_DONE",0,1,1,0,1
988,988,0,00,0,256,1,256,8,04a,0,04c,1,0,0,12,0,0,0,0,0,045,0,"SPECIAL_DONE",0,0,1,0,1
989,989,0,00,0,256,1,256,8,047,0,000,1,0,0,13,0,0,0,0,0,052,1,"SPECIAL_DONE",0,0,0,0,1
990,990,0,00,1,256,1,256,8,055,0,000,1,1,1,10,0,0,0,0,0,050,1,"SPECIAL_DONE",0,0,0,0,1
991,991,0,00,0,256,1,256,8,04c,0,000,1,0,1,11,0,0,0,0,0,051,1,"SPECIAL_DONE",0,1,1,0,1
992,992,0,00,1,256,1,256,8,044,0,000,1,1,0,12,0,0,0,0,0,050,1,"SPECIAL_DONE",0,0,0,0,1
993,993,0,00,0,256,1,256,8,04d,0,000,1,0,1,13,0,0,0,0,0,050,1,"SPECIAL_DONE",0,1,0,0,1
994,994,0,00,0,256,1,256,8,044,0,000,1,0,1,14,4,0,0,0,0,046,1,"SPECIAL_DONE",0,0,0,0,1
995,995,0,00,1,256,1,256,8,049,1,000,1,1,1,11,4,0,0,0,0,045,1,"SPECIAL_DONE",0,0,0,0,1
996,996,0,00,0,256,1,256,8,04d,1,000,1,0,1,12,4,0,0,0,0,059,1,"SPECIAL_DONE",0,1,1,0,1
997,997,0,00,0,256,1,256,8,04d,1,000,1,0,1,12,4,0,0,0,0,04d,1,"SPECIAL_DONE",0,0,0,0,1
998,998,0,00,0,256,1,256,8,04b,1,000,1,0,1,12,4,0,0,0,0,045,1,"SPECIAL_DONE",0,0,1,0,1
999,999,0,00,0,256,1,256,8,000,1,000,1,0,0,12,4,0,0,0,0,052,1,"SPECIAL_DONE",0,0,1,0,1
1000,1000,0,00,0,256,1,256,8,000,1,000,1,0,0,11,4,0,0,0,0,049,1,"SPECIAL_DONE",0,0,0,0,1
1001,1001,0,00,0,256,1,256,8,000,1,000,0,0,1,12,4,0,0,0,0,041,1,"SPECIAL_DONE",0,0,0,0,1
1002,1002,0,00,1,256,1,256,8,000,1,000,0,1,1,12,4,0,0,0,0,044,1,"SPECIAL_DONE",0,0,1,0,1
1003,1003,0,00,0,256,1,256,8,000,1,000,0,0,1,13,4,0,0,0,0,05a,1,"SPECIAL_DONE",0,1,0,0,1
1004,1004,0,00,0,256,1,256,8,000,1,000,0,0,1,12,4,0,0,0,0,04a,1,"SPECIAL_DONE",0,0,1,0,1
1005,1005,0,00,0,256,1,256,8,000,1,000,0,0,0,11,4,0,0,0,0,044,0,"SPECIAL_DONE",0,0,0,0,1
1006,1006,0,00,0,256,1,256,8,000,1,000,0,0,1,13,4,0,0,0,0,059,0,"SPECIAL_DONE",0,0,1,0,1
1007,1007,0,00,1,256,1,256,8,000,1,000,0,1,0,14,4,0,0,0,0,051,0,"SPECIAL_DONE",0,0,0,0,1
1008,1008,0,00,0,256,1,256,8,000,1,000,0,0,1,12,4,0,0,0,0,056,0,"SPECIAL_DONE",0,1,1,0,1
1009,1009,0,00,0,256,1,256,8,000,1,000,0,0,0,12,4,0,0,0,0,059,0,"SPECIAL_DONE",0,0,1,0,1
1010,1010,0,00,1,256,1,256,8,000,1,000,0,1,0,10,0,0,0,0,0,05a,0,"SPECIAL_DONE",0,0,1,0,1
1011,1011,0,00,1,256,1,256,8,000,0,000,0,1,0,12,0,0,0,0,0,04f,0,"SPECIAL_DONE",0,1,0,0,1
1012,1012,0,00,0,256,1,256,8,000,0,000,0,0,1,12,0,0,0,0,0,045,0,"SPECIAL_DONE",0,1,0,0,1
1013,1013,0,00,0,256,1,256,8,000,0,000,0,0,1,11,0,0,0,0,0,05e,0,"SPECIAL_DONE",0,0,0,0,1
1014,1014,0,00,0,256,1,256,8,000,0,000,0,0,1,12,0,0,0,0,0,044,0,"SPECIAL_DONE",0,0,0,0,1
1015,1015,0,00,1,256,1,256,8,000,0,000,0,1,1,12,0,0,0,0,0,053,0,"SPECIAL_DONE",0,0,1,0,1
1016,1016,0,00,1,256,1,256,8,000,0,000,0,1,0,13,0,0,0,0,0,046,0,"SPECIAL_DONE",0,1,1,0,1
1017,1017,0,00,0,256,1,256,8,000,0,000,1,0,0,13,0,0,0,0,0,058,0,"SPECIAL_DONE",0,1,1,0,1
1018,1018,0,00,1,256,1,256,8,000,0,000,1,1,0,13,0,0,0,0,0,04a,0,"SPECIAL_DONE",0,0,1,0,1
1019,1019,0,00,0,256,1,256,8,000,0,000,1,0,0,12,0,0,0,0,0,045,0,"SPECIAL_DONE",0,1,1,0,1
1020,1020,0,00,0,256,1,256,8,000,0,000,1,0,0,12,0,0,0,0,0,05a,0,"SPECIAL_DONE",0,0,1,0,1
1021,1021,0,00,0,256,1,256,8,000,0,000,1,0,0,13,0,0,0,0,0,047,1,"SPECIAL_DONE",0,0,0,0,1
1022,1022,0,00,1,256,1,256,8,000,0,000,1,1,1,10,0,0,0,0,0,051,1,"SPECIAL_DONE",0,0,0,0,1
1023,1023,0,00,0,256,1,256,8,000,0,000,1,0,1,11,0,0,0,0,0,051,1,"SPECIAL_DONE",0,1,1,0,1
